27/04/2009,313.69
28/04/2009,315.71
29/04/2009,321.63
04/05/2009,336.64
05/05/2009,351.32
06/05/2009,350.14
07/05/2009,363.85
08/05/2009,366.22
11/05/2009,372.95
12/05/2009,381.97
13/05/2009,378.25
14/05/2009,376.75
15/05/2009,390.16
18/05/2009,390.85
19/05/2009,400.9
20/05/2009,410.38
21/05/2009,412.51
22/05/2009,404.58
25/05/2009,421.75
26/05/2009,425.03
27/05/2009,425.17
28/05/2009,415.45
29/05/2009,411.64
01/06/2009,426.43
02/06/2009,440.56
03/06/2009,444.79
04/06/2009,458.19
05/06/2009,478.72
08/06/2009,501.49
09/06/2009,512.46
10/06/2009,497.51
11/06/2009,511.27
12/06/2009,509.59
15/06/2009,493.52
16/06/2009,471.97
17/06/2009,472.47
18/06/2009,479.27
19/06/2009,475.22
22/06/2009,458.11
23/06/2009,438.55
24/06/2009,456.22
25/06/2009,453.76
26/06/2009,461.37
29/06/2009,460.42
30/06/2009,448.29
01/07/2009,430
02/07/2009,433.79
03/07/2009,435.44
06/07/2009,454.27
07/07/2009,447.63
08/07/2009,446.79
09/07/2009,446.4
10/07/2009,438.83
13/07/2009,426.67
14/07/2009,418.55
15/07/2009,427.05
16/07/2009,433.47
17/07/2009,428.67
20/07/2009,412.88
21/07/2009,416.43
22/07/2009,419.48
23/07/2009,434.2
24/07/2009,454.71
27/07/2009,469.71
28/07/2009,462.98
29/07/2009,458.04
30/07/2009,451.91
31/07/2009,466.76
03/08/2009,467.93
04/08/2009,476.59
05/08/2009,481.29
06/08/2009,481.44
07/08/2009,480.65
10/08/2009,491.2
11/08/2009,494.17
12/08/2009,497.16
13/08/2009,503.58
14/08/2009,506.99
17/08/2009,500.08
18/08/2009,499.69
19/08/2009,508.46
20/08/2009,513.9
21/08/2009,519.17
24/08/2009,528.2
25/08/2009,528.85
26/08/2009,525.95
27/08/2009,527.04
28/08/2009,536.53
31/08/2009,546.78
01/09/2009,547.69
03/09/2009,540.81
04/09/2009,528.49
07/09/2009,524.51
08/09/2009,537.81
09/09/2009,536.11
10/09/2009,540.19
11/09/2009,547.99
14/09/2009,556.59
15/09/2009,556.75
16/09/2009,556.98
17/09/2009,561.19
18/09/2009,571.01
21/09/2009,577.97
22/09/2009,582.85
23/09/2009,582.11
24/09/2009,574.78
25/09/2009,582.84
28/09/2009,582.02
29/09/2009,582.59
30/09/2009,580.9
01/10/2009,568.99
02/10/2009,549.73
05/10/2009,549
06/10/2009,552.03
07/10/2009,566.42
08/10/2009,571.84
09/10/2009,581.99
12/10/2009,594.3
13/10/2009,589.89
14/10/2009,605.65
15/10/2009,617.38
16/10/2009,609.54
19/10/2009,607.11
20/10/2009,616.58
21/10/2009,618.48
22/10/2009,624.1
23/10/2009,615.68
26/10/2009,609.34
27/10/2009,596.78
28/10/2009,599.86
29/10/2009,581.49
30/10/2009,587.12
02/11/2009,561.71
03/11/2009,539.65
04/11/2009,537.53
05/11/2009,555.54
06/11/2009,554.88
09/11/2009,534.09
10/11/2009,524.4
11/11/2009,537.59
12/11/2009,545.98
13/11/2009,548.21
16/11/2009,545.7
17/11/2009,547.08
18/11/2009,553.83
19/11/2009,560.05
20/11/2009,555.84
23/11/2009,537.29
24/11/2009,527.13
25/11/2009,503.41
26/11/2009,482.6
27/11/2009,490.62
30/11/2009,504.12
01/12/2009,514.92
02/12/2009,499.14
03/12/2009,494.8
04/12/2009,494.96
07/12/2009,498.61
08/12/2009,488.47
09/12/2009,470.63
10/12/2009,458.72
11/12/2009,444.16
14/12/2009,458.39
15/12/2009,459.44
16/12/2009,442.1
17/12/2009,434.87
18/12/2009,443.34
21/12/2009,460.99
22/12/2009,465.24
23/12/2009,470.75
24/12/2009,479.13
25/12/2009,495.08
28/12/2009,492.57
29/12/2009,484.45
30/12/2009,495.36
31/12/2009,494.77
04/01/2010,517.05
05/01/2010,532.53
06/01/2010,534.46
07/01/2010,533.34
08/01/2010,520.9
11/01/2010,515.06
12/01/2010,498.31
13/01/2010,508.61
14/01/2010,512.33
15/01/2010,505.42
18/01/2010,487.13
19/01/2010,495.51
20/01/2010,489.5
21/01/2010,478.42
22/01/2010,477.59
25/01/2010,480.91
26/01/2010,497.9
27/01/2010,486.41
28/01/2010,481.76
29/01/2010,481.96
01/02/2010,486.95
02/02/2010,487.93
03/02/2010,495.48
04/02/2010,503.83
05/02/2010,493.04
08/02/2010,491.2
09/02/2010,482.89
10/02/2010,490.91
11/02/2010,499.94
12/02/2010,507
22/02/2010,510.02
23/02/2010,496.29
24/02/2010,494.59
25/02/2010,494.99
26/02/2010,496.91
01/03/2010,503.01
02/03/2010,501
03/03/2010,507.32
04/03/2010,511.91
05/03/2010,513.39
08/03/2010,521.12
09/03/2010,527.27
10/03/2010,525.67
11/03/2010,524.64
12/03/2010,531.51
15/03/2010,531.86
16/03/2010,516.08
17/03/2010,510.85
18/03/2010,519.73
19/03/2010,515.99
22/03/2010,511.58
23/03/2010,506.53
24/03/2010,512.12
25/03/2010,503.39
26/03/2010,505.3
29/03/2010,505.67
30/03/2010,500.72
31/03/2010,499.24
01/04/2010,508.18
02/04/2010,510.48
05/04/2010,514.79
06/04/2010,515.33
07/04/2010,515.82
08/04/2010,515.93
09/04/2010,517.42
12/04/2010,519.93
13/04/2010,517.98
14/04/2010,516.21
15/04/2010,521.49
16/04/2010,522.03
19/04/2010,516.74
20/04/2010,515.2
21/04/2010,519.7
22/04/2010,529.31
26/04/2010,531.21
27/04/2010,535.72
28/04/2010,539.2
29/04/2010,542.37
04/05/2010,549.12
05/05/2010,548.01
06/05/2010,549.51
07/05/2010,542.03
10/05/2010,534.38
11/05/2010,534.36
12/05/2010,519.6
13/05/2010,518.93
14/05/2010,520.72
17/05/2010,511.27
18/05/2010,508.3
19/05/2010,494.9
20/05/2010,503.55
21/05/2010,483.69
24/05/2010,486.19
25/05/2010,486.25
26/05/2010,492.69
27/05/2010,497.16
28/05/2010,512.99
31/05/2010,507.44
01/06/2010,508.68
02/06/2010,510.74
03/06/2010,511.16
04/06/2010,510.37
07/06/2010,496.89
08/06/2010,497.19
09/06/2010,497.56
10/06/2010,500.51
11/06/2010,504.29
14/06/2010,508.32
15/06/2010,508.01
16/06/2010,510.72
17/06/2010,510.76
18/06/2010,511.18
21/06/2010,514.75
22/06/2010,512.63
23/06/2010,512.82
24/06/2010,511.67
25/06/2010,505.12
28/06/2010,507.28
29/06/2010,510.71
30/06/2010,507.14
01/07/2010,504.02
02/07/2010,503.65
05/07/2010,506.54
06/07/2010,500.82
07/07/2010,496.91
08/07/2010,498.55
09/07/2010,499.46
12/07/2010,499.93
13/07/2010,509.08
14/07/2010,507.34
15/07/2010,505.19
16/07/2010,506.21
19/07/2010,506.84
20/07/2010,506.56
21/07/2010,505.4
22/07/2010,500.28
23/07/2010,500.31
26/07/2010,498.1
27/07/2010,497.67
28/07/2010,491
29/07/2010,491.11
30/07/2010,493.91
02/08/2010,491.61
03/08/2010,491.9
04/08/2010,486.71
05/08/2010,486.21
06/08/2010,482.82
09/08/2010,472.74
10/08/2010,461.67
11/08/2010,463.12
12/08/2010,448.4
13/08/2010,452.73
16/08/2010,464.76
17/08/2010,463.52
18/08/2010,455.49
19/08/2010,452.23
20/08/2010,454.84
23/08/2010,447.92
24/08/2010,434.42
25/08/2010,423.89
26/08/2010,427.07
27/08/2010,429.14
30/08/2010,444.55
31/08/2010,455.08
01/09/2010,458.75
06/09/2010,466
07/09/2010,460.59
08/09/2010,458.44
09/09/2010,463.68
10/09/2010,451.39
13/09/2010,447.27
14/09/2010,449.01
15/09/2010,448.72
16/09/2010,449.52
17/09/2010,457.58
20/09/2010,457.87
21/09/2010,453.32
22/09/2010,453.9
23/09/2010,450.77
24/09/2010,449.71
27/09/2010,450.2
28/09/2010,455.13
29/09/2010,452.94
30/09/2010,454.52
01/10/2010,451.71
04/10/2010,445.83
05/10/2010,450.96
06/10/2010,460.72
07/10/2010,462.05
08/10/2010,459.26
11/10/2010,459.32
12/10/2010,454.32
13/10/2010,457.7
14/10/2010,458.66
15/10/2010,458.39
18/10/2010,457.59
19/10/2010,454.25
20/10/2010,442.17
21/10/2010,445.05
22/10/2010,445.21
25/10/2010,448.61
26/10/2010,455.12
27/10/2010,450.01
28/10/2010,450.07
29/10/2010,452.63
01/11/2010,451.06
02/11/2010,446.3
03/11/2010,444.16
04/11/2010,448.95
05/11/2010,457.27
08/11/2010,457.13
09/11/2010,449.4
10/11/2010,451.26
11/11/2010,446.69
12/11/2010,441.6
15/11/2010,433.54
16/11/2010,426.89
17/11/2010,425.5
18/11/2010,430.72
19/11/2010,426.51
22/11/2010,426.19
23/11/2010,430.81
24/11/2010,434.48
25/11/2010,439.85
26/11/2010,439.94
29/11/2010,446.36
30/11/2010,451.59
01/12/2010,449.93
02/12/2010,457.42
03/12/2010,464.35
06/12/2010,465.56
07/12/2010,460.76
08/12/2010,452.83
09/12/2010,460.45
10/12/2010,473.06
13/12/2010,490.22
14/12/2010,489.65
15/12/2010,493.47
16/12/2010,480.21
17/12/2010,485.29
20/12/2010,478.29
21/12/2010,481.78
22/12/2010,481.53
23/12/2010,475.41
24/12/2010,472.76
27/12/2010,473.05
28/12/2010,479.33
29/12/2010,478.75
30/12/2010,481.4
31/12/2010,484.66
04/01/2011,485.97
05/01/2011,481.91
06/01/2011,482.31
07/01/2011,481.86
10/01/2011,480.55
11/01/2011,477.44
12/01/2011,478.45
13/01/2011,484.12
14/01/2011,489.22
17/01/2011,495.16
18/01/2011,497.43
19/01/2011,505.91
20/01/2011,511.98
21/01/2011,519.5
24/01/2011,509.88
25/01/2011,501.97
26/01/2011,501.25
27/01/2011,502.68
28/01/2011,510.6
08/02/2011,520.69
09/02/2011,522.59
10/02/2011,520.23
11/02/2011,519.98
14/02/2011,514.05
15/02/2011,517.87
16/02/2011,513.11
17/02/2011,509.83
18/02/2011,503.92
21/02/2011,483.68
22/02/2011,470.02
23/02/2011,470.67
24/02/2011,461.29
25/02/2011,466.96
28/02/2011,461.37
01/03/2011,466.12
02/03/2011,457.83
03/03/2011,452.34
04/03/2011,459.23
07/03/2011,468.22
08/03/2011,475.38
09/03/2011,470.51
10/03/2011,482.49
11/03/2011,495.06
14/03/2011,479.9
15/03/2011,468.74
16/03/2011,463.58
17/03/2011,460.53
18/03/2011,461.08
21/03/2011,468.25
22/03/2011,464.8
23/03/2011,467.64
24/03/2011,461.32
25/03/2011,457.74
28/03/2011,459.52
29/03/2011,457.88
30/03/2011,460.04
31/03/2011,461.13
01/04/2011,459.17
04/04/2011,457.25
05/04/2011,457.2
06/04/2011,464.94
07/04/2011,463.49
08/04/2011,464.29
13/04/2011,461.01
14/04/2011,460.63
15/04/2011,460.96
18/04/2011,455.46
19/04/2011,453.74
20/04/2011,458.5
21/04/2011,460.3
22/04/2011,456.45
25/04/2011,465.62
26/04/2011,461.86
27/04/2011,469.32
28/04/2011,472.93
29/04/2011,480.08
04/05/2011,486.58
05/05/2011,479.29
06/05/2011,472.71
09/05/2011,477.47
10/05/2011,481.29
11/05/2011,483.15
12/05/2011,482.14
13/05/2011,479.67
16/05/2011,471.49
17/05/2011,464.35
18/05/2011,454.91
19/05/2011,444.85
20/05/2011,432.87
23/05/2011,417.82
24/05/2011,402.59
25/05/2011,386.36
26/05/2011,398.04
27/05/2011,410.82
30/05/2011,412.1
31/05/2011,421.37
01/06/2011,435.69
02/06/2011,450.59
03/06/2011,443.41
06/06/2011,433.81
07/06/2011,443.68
08/06/2011,439.57
09/06/2011,443.95
10/06/2011,445
13/06/2011,442.69
14/06/2011,441.54
15/06/2011,441.45
16/06/2011,445.17
17/06/2011,438.93
20/06/2011,431.63
21/06/2011,442.74
22/06/2011,439.63
23/06/2011,434.75
24/06/2011,433.4
27/06/2011,434.25
28/06/2011,432.31
29/06/2011,434.6
30/06/2011,432.54
01/07/2011,425.29
04/07/2011,425.42
05/07/2011,431.03
06/07/2011,428.3
07/07/2011,429.99
08/07/2011,430.32
11/07/2011,425.09
12/07/2011,417.25
13/07/2011,418.18
14/07/2011,418.93
15/07/2011,414.74
18/07/2011,415.77
19/07/2011,410.12
20/07/2011,416.77
21/07/2011,413.06
22/07/2011,409.2
25/07/2011,409.36
26/07/2011,409.39
27/07/2011,409.4
28/07/2011,408.39
29/07/2011,405.7
01/08/2011,401.95
02/08/2011,396.55
03/08/2011,391.47
04/08/2011,396.05
05/08/2011,400.88
08/08/2011,396.41
09/08/2011,387.7
10/08/2011,385.96
11/08/2011,384.44
12/08/2011,383.92
15/08/2011,384.32
16/08/2011,386.48
17/08/2011,393.46
18/08/2011,402.89
19/08/2011,400.76
22/08/2011,406.03
23/08/2011,401.28
24/08/2011,396.68
25/08/2011,401.65
26/08/2011,404.41
29/08/2011,413.37
30/08/2011,419.26
31/08/2011,424.71
01/09/2011,435.29
05/09/2011,435.73
06/09/2011,436.16
07/09/2011,443.99
08/09/2011,453.26
09/09/2011,459.92
12/09/2011,462.93
13/09/2011,469.4
14/09/2011,466.99
15/09/2011,470.67
16/09/2011,457.11
19/09/2011,461.68
20/09/2011,454.37
21/09/2011,447.57
22/09/2011,449.26
23/09/2011,440.3
26/09/2011,434.43
27/09/2011,437.47
28/09/2011,433.97
29/09/2011,428.08
30/09/2011,427.6
03/10/2011,422.12
04/10/2011,418.18
05/10/2011,417.21
06/10/2011,421.32
07/10/2011,417.96
10/10/2011,419.66
11/10/2011,417.73
12/10/2011,410.91
13/10/2011,412.59
14/10/2011,414.49
17/10/2011,410.84
18/10/2011,404.32
19/10/2011,401.15
20/10/2011,403.73
21/10/2011,411.03
24/10/2011,414.46
25/10/2011,409.38
26/10/2011,412.1
27/10/2011,414.75
28/10/2011,422.07
31/10/2011,420.81
01/11/2011,413.82
02/11/2011,407.79
03/11/2011,408.44
04/11/2011,410.57
07/11/2011,410.52
08/11/2011,408.6
09/11/2011,405.19
10/11/2011,401.03
11/11/2011,396.3
14/11/2011,391.74
15/11/2011,387.87
16/11/2011,390.89
17/11/2011,385.86
18/11/2011,379.62
21/11/2011,379.14
22/11/2011,381.76
23/11/2011,388.57
24/11/2011,381.78
25/11/2011,383.35
28/11/2011,383.31
29/11/2011,382.9
30/11/2011,380.69
01/12/2011,380.1
02/12/2011,383.88
05/12/2011,391.19
06/12/2011,390.2
07/12/2011,387.21
08/12/2011,381.63
09/12/2011,377.16
12/12/2011,375.3
13/12/2011,371.75
14/12/2011,367.55
15/12/2011,364.48
16/12/2011,366.03
19/12/2011,367.4
20/12/2011,365.67
21/12/2011,367.72
22/12/2011,360.37
23/12/2011,356.21
26/12/2011,352.68
27/12/2011,347.8
28/12/2011,350.66
29/12/2011,350.51
30/12/2011,351.55
03/01/2012,350
04/01/2012,348.84
05/01/2012,340.94
06/01/2012,336.73
09/01/2012,339.32
10/01/2012,344.68
11/01/2012,347.43
12/01/2012,348.11
13/01/2012,354.33
16/01/2012,357.87
17/01/2012,358.86
18/01/2012,362.66
19/01/2012,373.43
20/01/2012,373
30/01/2012,384.94
31/01/2012,387.97
01/02/2012,390.67
02/02/2012,401.61
03/02/2012,401.74
06/02/2012,399.73
07/02/2012,401.08
08/02/2012,409.53
09/02/2012,411.39
10/02/2012,405.02
13/02/2012,395.54
14/02/2012,400.26
15/02/2012,397.41
16/02/2012,396.51
17/02/2012,403.3
20/02/2012,413.98
21/02/2012,410.91
22/02/2012,418.41
23/02/2012,423.89
24/02/2012,423.43
27/02/2012,428.41
28/02/2012,422.22
29/02/2012,423.64
01/03/2012,427.95
02/03/2012,439.6
05/03/2012,457.21
06/03/2012,445
07/03/2012,444.02
08/03/2012,431.66
09/03/2012,432.11
12/03/2012,428.02
13/03/2012,429.39
14/03/2012,433.86
15/03/2012,441.85
16/03/2012,438.52
19/03/2012,438.07
20/03/2012,440.29
21/03/2012,445.77
22/03/2012,445.67
23/03/2012,454.1
26/03/2012,459.26
27/03/2012,445.92
28/03/2012,446.32
29/03/2012,439.63
30/03/2012,441.03
03/04/2012,445.77
04/04/2012,439.77
05/04/2012,444.93
06/04/2012,447.44
09/04/2012,450.73
10/04/2012,450.85
11/04/2012,458.74
12/04/2012,465.26
13/04/2012,462.52
16/04/2012,468.26
17/04/2012,472.84
18/04/2012,472.16
19/04/2012,467.08
20/04/2012,465.72
23/04/2012,465.17
24/04/2012,465.65
25/04/2012,472.87
26/04/2012,470.21
27/04/2012,473.77
02/05/2012,472.46
03/05/2012,468.8
04/05/2012,476.32
07/05/2012,486.31
08/05/2012,488.07
09/05/2012,487.62
10/05/2012,486.07
11/05/2012,480.1
14/05/2012,469.69
15/05/2012,455.65
16/05/2012,449.91
17/05/2012,442.58
18/05/2012,434.95
21/05/2012,448.02
22/05/2012,447.94
23/05/2012,436.75
24/05/2012,426.92
25/05/2012,437.38
28/05/2012,435.48
29/05/2012,431.44
30/05/2012,435.34
31/05/2012,429.2
01/06/2012,428.8
04/06/2012,416.65
05/06/2012,421.02
06/06/2012,426.39
07/06/2012,434.41
08/06/2012,432.9
11/06/2012,432.5
12/06/2012,428.16
13/06/2012,427.61
14/06/2012,425.28
15/06/2012,433.09
18/06/2012,435.59
19/06/2012,431.08
20/06/2012,432.89
21/06/2012,431.14
22/06/2012,427.17
25/06/2012,424.12
26/06/2012,419.19
27/06/2012,418.04
28/06/2012,418.16
29/06/2012,422.37
02/07/2012,419.3
03/07/2012,413.09
04/07/2012,410.73
05/07/2012,413.83
06/07/2012,415.44
09/07/2012,408.12
10/07/2012,405.39
11/07/2012,407.28
12/07/2012,408.72
13/07/2012,416.98
16/07/2012,413.98
17/07/2012,417.55
18/07/2012,418.83
19/07/2012,428.38
20/07/2012,424.47
23/07/2012,421.99
24/07/2012,415.63
25/07/2012,412.91
26/07/2012,414.8
27/07/2012,413.16
30/07/2012,415
31/07/2012,414.48
01/08/2012,412.55
02/08/2012,416.1
03/08/2012,418.21
06/08/2012,423.16
07/08/2012,422.5
08/08/2012,423.57
09/08/2012,426.98
10/08/2012,425.56
13/08/2012,426.17
14/08/2012,429.47
15/08/2012,430.77
16/08/2012,430.83
17/08/2012,433.45
20/08/2012,437.28
21/08/2012,416.84
22/08/2012,410.23
23/08/2012,392.82
24/08/2012,399.72
27/08/2012,386.19
28/08/2012,385.78
29/08/2012,393.06
30/08/2012,397.25
31/08/2012,396.02
04/09/2012,402.08
05/09/2012,398.92
06/09/2012,393.41
07/09/2012,397.51
10/09/2012,388.88
11/09/2012,386.62
12/09/2012,388.35
13/09/2012,391.36
14/09/2012,398.87
17/09/2012,401.75
18/09/2012,394.51
19/09/2012,394.55
20/09/2012,389.28
21/09/2012,395.48
24/09/2012,390.37
25/09/2012,391.77
26/09/2012,395.12
27/09/2012,393.34
28/09/2012,392.57
01/10/2012,386.55
02/10/2012,384.32
03/10/2012,385.37
04/10/2012,384.51
05/10/2012,388.16
08/10/2012,393.45
09/10/2012,393.67
10/10/2012,394.66
11/10/2012,394.19
12/10/2012,392.54
15/10/2012,391.56
16/10/2012,399.22
17/10/2012,397.02
18/10/2012,398.51
19/10/2012,398.23
22/10/2012,397
23/10/2012,397.71
24/10/2012,395.45
25/10/2012,389.92
26/10/2012,391.7
29/10/2012,391.36
30/10/2012,389.86
31/10/2012,388.42
01/11/2012,387.95
02/11/2012,375.26
05/11/2012,377.27
06/11/2012,376.95
07/11/2012,380.9
08/11/2012,385.6
09/11/2012,386.71
12/11/2012,388.62
13/11/2012,385.22
14/11/2012,387.71
15/11/2012,386.91
16/11/2012,385.71
19/11/2012,383.32
20/11/2012,385.1
21/11/2012,383.87
22/11/2012,383.22
23/11/2012,381.71
26/11/2012,377.9
27/11/2012,376.89
28/11/2012,375.79
29/11/2012,378.2
30/11/2012,377.82
03/12/2012,379.27
04/12/2012,382.1
05/12/2012,385.69
06/12/2012,385.69
07/12/2012,383.8
10/12/2012,386.69
11/12/2012,389.37
12/12/2012,391.08
13/12/2012,391.19
14/12/2012,392.21
17/12/2012,393.63
18/12/2012,393.39
19/12/2012,398.59
20/12/2012,399.68
21/12/2012,396.78
24/12/2012,399.71
25/12/2012,401.34
26/12/2012,406.1
27/12/2012,409.97
28/12/2012,413.73
02/01/2013,418.35
03/01/2013,419.27
04/01/2013,426.06
07/01/2013,434.19
08/01/2013,447.16
09/01/2013,448.77
10/01/2013,460.12
11/01/2013,462.69
14/01/2013,458.97
15/01/2013,461.42
16/01/2013,465.25
17/01/2013,456.76
18/01/2013,454.16
21/01/2013,447.79
22/01/2013,442.85
23/01/2013,443.37
24/01/2013,452.4
25/01/2013,468.09
28/01/2013,479.6
29/01/2013,484.01
30/01/2013,487.6
31/01/2013,479.79
01/02/2013,483.42
04/02/2013,482.38
05/02/2013,477.36
06/02/2013,488.36
07/02/2013,490.62
08/02/2013,494.03
18/02/2013,493.95
19/02/2013,490.78
20/02/2013,494.83
21/02/2013,476.73
22/02/2013,477.69
25/02/2013,483.69
26/02/2013,465.05
27/02/2013,465.72
28/02/2013,474.56
01/03/2013,477.15
04/03/2013,468.74
05/03/2013,462.12
06/03/2013,471.09
07/03/2013,466.63
08/03/2013,470.68
11/03/2013,476.5
12/03/2013,475.34
13/03/2013,473.18
14/03/2013,474.6
15/03/2013,481.35
18/03/2013,479.13
19/03/2013,480.48
20/03/2013,487.04
21/03/2013,491.79
22/03/2013,489.99
25/03/2013,493.57
26/03/2013,489.46
27/03/2013,491.26
28/03/2013,490.67
29/03/2013,491.04
01/04/2013,505.81
02/04/2013,509.43
03/04/2013,505.93
04/04/2013,497.35
05/04/2013,502.58
08/04/2013,506.66
09/04/2013,510.49
10/04/2013,496.5
11/04/2013,504.07
12/04/2013,494.27
15/04/2013,480.02
16/04/2013,478.07
17/04/2013,483.99
18/04/2013,473.21
22/04/2013,468.43
23/04/2013,473.69
24/04/2013,472.89
25/04/2013,476.59
26/04/2013,474.51
02/05/2013,473.02
03/05/2013,475.24
06/05/2013,488.32
07/05/2013,485.58
08/05/2013,485.07
09/05/2013,486.22
10/05/2013,486.1
13/05/2013,488.93
14/05/2013,483.85
15/05/2013,485.97
16/05/2013,490.34
17/05/2013,487.6
20/05/2013,492.27
21/05/2013,500.18
22/05/2013,502.23
23/05/2013,498.22
24/05/2013,500.24
27/05/2013,512.41
28/05/2013,516.33
29/05/2013,515.09
30/05/2013,521.45
31/05/2013,518.39
03/06/2013,517.03
04/06/2013,510.69
05/06/2013,514.64
06/06/2013,520.9
07/06/2013,527.97
10/06/2013,524.56
11/06/2013,521.95
12/06/2013,518.24
13/06/2013,515.09
14/06/2013,509.03
17/06/2013,498.52
18/06/2013,498.88
19/06/2013,503.37
20/06/2013,499.51
21/06/2013,498.84
24/06/2013,489.74
25/06/2013,473.02
26/06/2013,473.53
27/06/2013,482.95
28/06/2013,481.13
01/07/2013,480.04
02/07/2013,489.84
03/07/2013,487.35
04/07/2013,487.22
05/07/2013,485.66
08/07/2013,482.77
09/07/2013,485.5
10/07/2013,484.43
11/07/2013,484.47
12/07/2013,493.99
15/07/2013,494.1
16/07/2013,496.22
17/07/2013,497.5
18/07/2013,496.84
19/07/2013,503.76
22/07/2013,506.16
23/07/2013,504.29
24/07/2013,494.18
25/07/2013,491.78
26/07/2013,493.93
29/07/2013,485.69
30/07/2013,488.54
31/07/2013,491.85
01/08/2013,492.43
02/08/2013,494.66
05/08/2013,493.66
06/08/2013,496.56
07/08/2013,500.1
08/08/2013,498.22
09/08/2013,500.62
12/08/2013,499.46
13/08/2013,497.73
14/08/2013,503.57
15/08/2013,508.22
16/08/2013,507.79
19/08/2013,511.02
20/08/2013,504.81
21/08/2013,502.7
22/08/2013,496.12
23/08/2013,486.82
26/08/2013,490.54
27/08/2013,485.57
28/08/2013,473.3
29/08/2013,468.55
30/08/2013,472.7
03/09/2013,472.17
04/09/2013,471.45
05/09/2013,477.57
06/09/2013,480.03
09/09/2013,470.16
10/09/2013,474.53
11/09/2013,476.4
12/09/2013,475.59
13/09/2013,476.42
16/09/2013,475.57
17/09/2013,477.73
18/09/2013,474.26
19/09/2013,476.09
20/09/2013,477.19
23/09/2013,479.09
24/09/2013,482.82
25/09/2013,486.22
26/09/2013,485.11
27/09/2013,486.61
30/09/2013,492.63
01/10/2013,492.24
02/10/2013,494.39
03/10/2013,492.3
04/10/2013,497.5
07/10/2013,500.47
08/10/2013,502.22
09/10/2013,500.67
10/10/2013,494.81
11/10/2013,494.53
14/10/2013,493.62
15/10/2013,495.72
16/10/2013,498.96
17/10/2013,499.59
18/10/2013,500.83
21/10/2013,501.57
22/10/2013,500.57
23/10/2013,504.05
24/10/2013,501.17
25/10/2013,500.75
28/10/2013,496.46
29/10/2013,497.08
30/10/2013,499.07
31/10/2013,497.41
01/11/2013,497.08
04/11/2013,497.07
05/11/2013,499.79
06/11/2013,502.52
07/11/2013,499.86
08/11/2013,498.61
11/11/2013,501.08
12/11/2013,497.65
13/11/2013,496.12
14/11/2013,497.85
15/11/2013,501.34
18/11/2013,506.48
19/11/2013,504.71
20/11/2013,505.52
21/11/2013,503.54
22/11/2013,505.64
25/11/2013,506.46
26/11/2013,509.16
27/11/2013,508.43
28/11/2013,507.71
29/11/2013,507.78
02/12/2013,508.53
03/12/2013,511.62
04/12/2013,510.88
05/12/2013,510.03
06/12/2013,510.12
09/12/2013,511.23
10/12/2013,511.6
11/12/2013,505.31
12/12/2013,506.92
13/12/2013,506.06
16/12/2013,502.04
17/12/2013,505.67
18/12/2013,505.25
19/12/2013,506.28
20/12/2013,504.45
23/12/2013,508.68
24/12/2013,505.62
25/12/2013,504.42
26/12/2013,506.55
27/12/2013,506.41
30/12/2013,500.35
31/12/2013,504.63
02/01/2014,504.51
03/01/2014,505.37
06/01/2014,509.1
07/01/2014,510.12
08/01/2014,513.9
09/01/2014,516.98
10/01/2014,518.94
13/01/2014,521.11
14/01/2014,522.31
15/01/2014,526.68
16/01/2014,533.54
17/01/2014,543.59
20/01/2014,553.67
21/01/2014,559.91
22/01/2014,551.92
23/01/2014,553.55
24/01/2014,560.19
27/01/2014,556.52
06/02/2014,554.68
07/02/2014,549.76
10/02/2014,555.9
11/02/2014,553.9
12/02/2014,564.25
13/02/2014,570.18
14/02/2014,572.22
17/02/2014,570.2
18/02/2014,574.56
19/02/2014,578.12
20/02/2014,571.04
21/02/2014,570.57
24/02/2014,576.58
25/02/2014,586.2
26/02/2014,589.81
27/02/2014,584.79
28/02/2014,586.48
03/03/2014,573.38
04/03/2014,569.97
05/03/2014,574.94
06/03/2014,578.56
07/03/2014,579.75
10/03/2014,583.69
11/03/2014,588.5
12/03/2014,590.02
13/03/2014,595.22
14/03/2014,596.83
17/03/2014,600.36
18/03/2014,599.85
19/03/2014,605.59
20/03/2014,600.26
21/03/2014,601.75
24/03/2014,607.55
25/03/2014,601.85
26/03/2014,588.06
27/03/2014,590.14
28/03/2014,594.29
31/03/2014,591.57
01/04/2014,583.85
02/04/2014,581.67
03/04/2014,589.44
04/04/2014,593.04
07/04/2014,600.57
08/04/2014,603.25
10/04/2014,601.33
11/04/2014,600.57
14/04/2014,596.11
15/04/2014,586.09
16/04/2014,574.29
17/04/2014,580.31
18/04/2014,565.33
21/04/2014,558.14
22/04/2014,569.87
23/04/2014,569.36
24/04/2014,570.46
25/04/2014,578.92
28/04/2014,573.1
29/04/2014,578
05/05/2014,564.85
06/05/2014,555.11
07/05/2014,559.97
08/05/2014,527.09
09/05/2014,542.46
12/05/2014,517.05
13/05/2014,513.91
14/05/2014,529.53
15/05/2014,524.05
16/05/2014,529.49
19/05/2014,533.04
20/05/2014,537.52
21/05/2014,543.88
22/05/2014,541.73
23/05/2014,541.49
26/05/2014,544.06
27/05/2014,552.75
28/05/2014,557.34
29/05/2014,558.45
30/05/2014,562.02
02/06/2014,556.8
03/06/2014,558.76
04/06/2014,553.46
05/06/2014,551.1
06/06/2014,559.04
09/06/2014,565.61
10/06/2014,566.89
11/06/2014,570.36
12/06/2014,573.77
13/06/2014,574.48
16/06/2014,572.37
17/06/2014,572.25
18/06/2014,570.03
19/06/2014,567.35
20/06/2014,560.78
23/06/2014,565.92
24/06/2014,569.74
25/06/2014,572.27
26/06/2014,576.4
27/06/2014,578.82
30/06/2014,578.13
01/07/2014,578.07
02/07/2014,578.8
03/07/2014,585.02
04/07/2014,589.35
07/07/2014,590.69
08/07/2014,591.47
09/07/2014,591.6
10/07/2014,584.88
11/07/2014,582.77
14/07/2014,586.23
15/07/2014,589.31
16/07/2014,589.68
17/07/2014,590.37
18/07/2014,596.26
21/07/2014,601.04
22/07/2014,597.98
23/07/2014,597.5
24/07/2014,602.06
25/07/2014,600.14
28/07/2014,589.45
29/07/2014,592.24
30/07/2014,589.33
31/07/2014,596.07
01/08/2014,593.9
04/08/2014,599.04
05/08/2014,607.73
06/08/2014,606.7
07/08/2014,607.62
08/08/2014,605.43
11/08/2014,602.13
12/08/2014,601.78
13/08/2014,602.76
14/08/2014,605.25
15/08/2014,604.24
18/08/2014,605.08
19/08/2014,604.64
20/08/2014,606.7
21/08/2014,612.94
22/08/2014,620.14
25/08/2014,625.88
26/08/2014,629.06
27/08/2014,628.77
28/08/2014,632.03
29/08/2014,636.65
03/09/2014,640.75
04/09/2014,640.22
05/09/2014,638.65
08/09/2014,639.85
09/09/2014,626.92
10/09/2014,628.8
11/09/2014,628.99
12/09/2014,632.5
15/09/2014,630.34
16/09/2014,627.66
17/09/2014,625.66
18/09/2014,615.8
19/09/2014,613.29
22/09/2014,611.93
23/09/2014,610.39
24/09/2014,603.59
25/09/2014,605.1
26/09/2014,604.98
29/09/2014,599.78
30/09/2014,598.8
01/10/2014,609.27
02/10/2014,612.66
03/10/2014,611.55
06/10/2014,614.42
07/10/2014,614.08
08/10/2014,617.26
09/10/2014,624.34
10/10/2014,617.72
13/10/2014,614.22
14/10/2014,605.79
15/10/2014,604.29
16/10/2014,587.17
17/10/2014,585.28
20/10/2014,589.24
21/10/2014,600.55
22/10/2014,601.59
23/10/2014,593.53
24/10/2014,591.51
27/10/2014,580.8
28/10/2014,583.13
29/10/2014,591.2
30/10/2014,589.14
31/10/2014,600.84
03/11/2014,603.15
04/11/2014,598.39
05/11/2014,597.01
06/11/2014,597.85
07/11/2014,602.59
10/11/2014,602.12
11/11/2014,604.23
12/11/2014,604.01
13/11/2014,603.16
14/11/2014,600.36
17/11/2014,600.93
18/11/2014,594.25
19/11/2014,588.35
20/11/2014,593.32
21/11/2014,588.03
24/11/2014,582.53
25/11/2014,585.91
26/11/2014,576.04
27/11/2014,572.89
28/11/2014,566.58
01/12/2014,568.01
02/12/2014,569.43
03/12/2014,574.88
04/12/2014,578.38
05/12/2014,578.76
08/12/2014,571.68
09/12/2014,555.31
10/12/2014,557.19
11/12/2014,550.11
12/12/2014,553.93
15/12/2014,547.93
16/12/2014,535.14
17/12/2014,518.22
18/12/2014,528.45
19/12/2014,523.09
22/12/2014,537.54
23/12/2014,537.88
24/12/2014,539.44
25/12/2014,532.01
26/12/2014,533.37
29/12/2014,532.68
30/12/2014,537.57
31/12/2014,545.63
05/01/2015,544.45
06/01/2015,549.66
07/01/2015,552.05
08/01/2015,553.47
09/01/2015,569.73
12/01/2015,574.32
13/01/2015,580.6
14/01/2015,577.01
15/01/2015,577.74
16/01/2015,574.81
19/01/2015,571.51
20/01/2015,572.22
21/01/2015,569.12
22/01/2015,574.54
23/01/2015,582.38
26/01/2015,580.64
27/01/2015,579.3
28/01/2015,583.76
29/01/2015,583.28
30/01/2015,576.07
02/02/2015,570.37
03/02/2015,557.47
04/02/2015,561.45
05/02/2015,567.17
06/02/2015,574.13
09/02/2015,573.55
10/02/2015,574.52
11/02/2015,581.76
12/02/2015,584.67
13/02/2015,587.24
24/02/2015,596.95
25/02/2015,592.66
26/02/2015,596.72
27/02/2015,592.57
02/03/2015,590.73
03/03/2015,596.72
04/03/2015,600.39
05/03/2015,596.91
06/03/2015,593.97
09/03/2015,588.44
10/03/2015,589.66
11/03/2015,586.54
12/03/2015,588.53
13/03/2015,586.1
16/03/2015,580.8
17/03/2015,581.76
18/03/2015,578.68
19/03/2015,573.74
20/03/2015,575.44
23/03/2015,570.89
24/03/2015,567.43
25/03/2015,560.93
26/03/2015,556.16
27/03/2015,551.42
30/03/2015,545.19
31/03/2015,551.13
01/04/2015,538.91
02/04/2015,546.85
03/04/2015,547.85
06/04/2015,542.97
07/04/2015,548.11
08/04/2015,547.72
09/04/2015,550.52
10/04/2015,554.03
13/04/2015,559.54
14/04/2015,558.67
15/04/2015,564.5
16/04/2015,568.28
17/04/2015,568.32
20/04/2015,565.04
21/04/2015,562.24
22/04/2015,562.51
23/04/2015,561.25
24/04/2015,565.77
27/04/2015,562.4
04/05/2015,545.08
05/05/2015,552.65
06/05/2015,549.3
07/05/2015,552.98
08/05/2015,554.51
11/05/2015,551.67
12/05/2015,544.41
13/05/2015,542.82
14/05/2015,543.69
15/05/2015,537.44
18/05/2015,528.95
19/05/2015,536.82
20/05/2015,550.1
21/05/2015,552.56
22/05/2015,561.82
25/05/2015,563
26/05/2015,567.2
27/05/2015,566.48
28/05/2015,572.97
29/05/2015,569.56
01/06/2015,574.98
02/06/2015,570.31
03/06/2015,567.9
04/06/2015,568.99
05/06/2015,578.07
08/06/2015,579.83
09/06/2015,574.47
10/06/2015,574.1
11/06/2015,581.05
12/06/2015,582.73
15/06/2015,586.48
16/06/2015,580.35
17/06/2015,578.87
18/06/2015,580.35
19/06/2015,584.7
22/06/2015,594.08
23/06/2015,593.07
24/06/2015,590.02
25/06/2015,587.99
26/06/2015,581.75
29/06/2015,591.75
30/06/2015,593.05
01/07/2015,591.5
02/07/2015,605.7
03/07/2015,616.43
06/07/2015,625.22
07/07/2015,630.27
08/07/2015,623.17
09/07/2015,622.1
10/07/2015,627.28
13/07/2015,634.06
14/07/2015,638.69
15/07/2015,630.89
16/07/2015,626.9
17/07/2015,628.63
20/07/2015,620.54
21/07/2015,616.61
22/07/2015,629.85
23/07/2015,632.01
24/07/2015,631.26
27/07/2015,635.46
28/07/2015,631.47
29/07/2015,624.7
30/07/2015,626.57
31/07/2015,621.06
03/08/2015,609.47
04/08/2015,600.76
05/08/2015,607.08
06/08/2015,601.04
07/08/2015,603.76
10/08/2015,614.53
11/08/2015,613.05
12/08/2015,604.24
13/08/2015,594.26
14/08/2015,589.03
17/08/2015,573.15
18/08/2015,580.22
19/08/2015,577.82
20/08/2015,566.69
21/08/2015,556.3
24/08/2015,526.93
25/08/2015,529.98
26/08/2015,545.89
27/08/2015,555.81
28/08/2015,570.87
31/08/2015,564.75
01/09/2015,562.31
03/09/2015,554.3
04/09/2015,556.81
07/09/2015,554.93
08/09/2015,566.72
09/09/2015,572.34
10/09/2015,572.07
11/09/2015,566.74
14/09/2015,562.17
15/09/2015,563.27
16/09/2015,564.13
17/09/2015,562.48
18/09/2015,566.25
21/09/2015,572.12
22/09/2015,573.2
23/09/2015,572.72
24/09/2015,570.25
25/09/2015,570.38
28/09/2015,564.88
29/09/2015,561.19
30/09/2015,562.64
01/10/2015,563.54
02/10/2015,562.31
05/10/2015,570
06/10/2015,581.29
07/10/2015,579.57
08/10/2015,586.78
09/10/2015,588.02
12/10/2015,592.1
13/10/2015,590.84
14/10/2015,589.98
15/10/2015,592.4
16/10/2015,593.02
19/10/2015,594.61
20/10/2015,590.45
21/10/2015,590.24
22/10/2015,595.08
23/10/2015,601.74
26/10/2015,598.61
27/10/2015,598.44
28/10/2015,596.24
29/10/2015,605.2
30/10/2015,607.37
02/11/2015,602.76
03/11/2015,611.71
04/11/2015,610.6
05/11/2015,615.18
06/11/2015,612.36
09/11/2015,610.66
10/11/2015,605.27
11/11/2015,603.53
12/11/2015,605.58
13/11/2015,611.27
16/11/2015,609.21
17/11/2015,605.05
18/11/2015,603.34
19/11/2015,601.9
20/11/2015,604.46
23/11/2015,599.99
24/11/2015,593.83
25/11/2015,595.7
26/11/2015,590.4
27/11/2015,582.86
30/11/2015,573.2
01/12/2015,570.41
02/12/2015,574.42
03/12/2015,574.38
04/12/2015,571.62
07/12/2015,563.62
08/12/2015,574.15
09/12/2015,565.2
10/12/2015,561.04
11/12/2015,563.43
14/12/2015,562.22
15/12/2015,568
16/12/2015,572.55
17/12/2015,577.11
18/12/2015,568.18
21/12/2015,566.9
22/12/2015,566.35
23/12/2015,564.27
24/12/2015,566.17
25/12/2015,567.67
28/12/2015,569.9
29/12/2015,576.29
30/12/2015,579.45
31/12/2015,579.03
04/01/2016,574.41
05/01/2016,569.94
06/01/2016,574.57
07/01/2016,565.36
08/01/2016,560.05
11/01/2016,557.87
12/01/2016,564.26
13/01/2016,560.37
14/01/2016,553.03
15/01/2016,543.04
18/01/2016,526.37
19/01/2016,535.77
20/01/2016,529.44
21/01/2016,521.88
22/01/2016,522.24
25/01/2016,542.35
26/01/2016,537.73
27/01/2016,542.69
28/01/2016,539.47
29/01/2016,545.25
01/02/2016,540.56
02/02/2016,536.45
03/02/2016,539.07
04/02/2016,542.15
05/02/2016,544.75
15/02/2016,543.79
16/02/2016,548.05
17/02/2016,547.05
18/02/2016,552.49
19/02/2016,554.03
22/02/2016,560.71
23/02/2016,561.28
24/02/2016,568.04
25/02/2016,562.82
26/02/2016,566.11
29/02/2016,559.37
01/03/2016,561.56
02/03/2016,570.18
03/03/2016,570.39
04/03/2016,573.65
07/03/2016,576.2
08/03/2016,574.71
09/03/2016,571.71
10/03/2016,575.91
11/03/2016,577.26
14/03/2016,577.98
15/03/2016,574.04
16/03/2016,577.07
17/03/2016,579.26
18/03/2016,575.82
21/03/2016,572.27
22/03/2016,570.91
23/03/2016,574.71
24/03/2016,570.66
25/03/2016,572.08
28/03/2016,575.72
29/03/2016,568.28
30/03/2016,569.91
31/03/2016,561.22
01/04/2016,558.43
04/04/2016,555.82
05/04/2016,560.32
06/04/2016,567.79
07/04/2016,571.6
08/04/2016,572.34
11/04/2016,579.27
12/04/2016,579.84
13/04/2016,578.02
14/04/2016,579.49
15/04/2016,579.86
19/04/2016,568.28
20/04/2016,568.03
21/04/2016,575.73
22/04/2016,592.48
25/04/2016,591.58
26/04/2016,598.48
27/04/2016,593.96
28/04/2016,591.67
29/04/2016,598.37
04/05/2016,599.07
05/05/2016,601.51
06/05/2016,606.52
09/05/2016,603.85
10/05/2016,605.05
11/05/2016,614.06
12/05/2016,612.12
13/05/2016,610.82
16/05/2016,615.78
17/05/2016,624.75
18/05/2016,622.45
19/05/2016,619.2
20/05/2016,614.81
23/05/2016,611.03
24/05/2016,611.62
25/05/2016,611.89
26/05/2016,604.34
27/05/2016,608.11
30/05/2016,614.5
31/05/2016,618.44
01/06/2016,619.86
02/06/2016,623.37
03/06/2016,621.88
06/06/2016,620.05
07/06/2016,624.65
08/06/2016,627.87
09/06/2016,631.26
10/06/2016,629.84
13/06/2016,623.58
14/06/2016,625.43
15/06/2016,627.02
16/06/2016,625.11
17/06/2016,619.25
20/06/2016,626.46
21/06/2016,628
22/06/2016,626.41
23/06/2016,632.27
24/06/2016,620.77
27/06/2016,621.27
28/06/2016,622.2
29/06/2016,630.12
30/06/2016,632.26
01/07/2016,640.3
04/07/2016,647.96
05/07/2016,650.88
06/07/2016,649.46
07/07/2016,661.12
08/07/2016,658.68
11/07/2016,652.26
12/07/2016,658.9
13/07/2016,675.12
14/07/2016,666.69
15/07/2016,664.56
18/07/2016,673.5
19/07/2016,667.76
20/07/2016,660.26
21/07/2016,659.57
22/07/2016,649.87
25/07/2016,649.3
26/07/2016,648.59
27/07/2016,656.11
28/07/2016,657.14
29/07/2016,652.23
01/08/2016,648.38
02/08/2016,636.05
03/08/2016,631.61
04/08/2016,631.94
05/08/2016,627.39
08/08/2016,629.46
09/08/2016,637.34
10/08/2016,648.33
11/08/2016,660.24
12/08/2016,655.71
15/08/2016,659.47
16/08/2016,658.11
17/08/2016,660.51
18/08/2016,660.65
19/08/2016,662.28
22/08/2016,657.68
23/08/2016,659.16
24/08/2016,660.77
25/08/2016,658.5
26/08/2016,667.75
29/08/2016,669.44
30/08/2016,672.67
31/08/2016,674.63
01/09/2016,669.19
05/09/2016,664.55
06/09/2016,663.9
07/09/2016,661.28
08/09/2016,666.07
09/09/2016,666.88
12/09/2016,659.76
13/09/2016,659.72
14/09/2016,656.64
15/09/2016,656.18
16/09/2016,651.31
19/09/2016,657.89
20/09/2016,663.37
21/09/2016,668.48
22/09/2016,671.38
23/09/2016,674.09
26/09/2016,677.04
27/09/2016,684.89
28/09/2016,686.72
29/09/2016,688.55
30/09/2016,685.73
03/10/2016,683.05
04/10/2016,684.2
05/10/2016,687.04
06/10/2016,687.32
07/10/2016,683.95
10/10/2016,674.19
11/10/2016,682.36
12/10/2016,682.45
13/10/2016,685.23
14/10/2016,687
17/10/2016,680.95
18/10/2016,682.02
19/10/2016,688.89
20/10/2016,686.39
21/10/2016,684.83
24/10/2016,678.02
25/10/2016,676.18
26/10/2016,673.61
27/10/2016,676.9
28/10/2016,682.25
31/10/2016,675.8
01/11/2016,676.6
02/11/2016,671.4
03/11/2016,667.63
04/11/2016,666.73
07/11/2016,674.14
08/11/2016,676.46
09/11/2016,670.26
10/11/2016,678.17
11/11/2016,679.2
14/11/2016,673.05
15/11/2016,674.26
16/11/2016,674.6
17/11/2016,674.57
18/11/2016,673.25
21/11/2016,674.29
22/11/2016,681.91
23/11/2016,683.16
24/11/2016,678.18
25/11/2016,675.87
28/11/2016,665.29
29/11/2016,658.26
30/11/2016,665.07
01/12/2016,666.54
02/12/2016,665.14
05/12/2016,660.21
06/12/2016,651.49
07/12/2016,653.53
08/12/2016,658.89
09/12/2016,663.07
12/12/2016,659.7
13/12/2016,654.66
14/12/2016,665.14
15/12/2016,665.92
16/12/2016,675.16
19/12/2016,674.33
20/12/2016,662.66
21/12/2016,666.94
22/12/2016,664.15
23/12/2016,664.37
26/12/2016,662.45
27/12/2016,663.86
28/12/2016,663.5
29/12/2016,664.72
30/12/2016,664.87
03/01/2017,672.01
04/01/2017,674.7
05/01/2017,675.81
06/01/2017,679.8
09/01/2017,682.57
10/01/2017,681.07
11/01/2017,687.16
12/01/2017,686.96
13/01/2017,685.06
16/01/2017,677.94
17/01/2017,684.71
18/01/2017,683.28
19/01/2017,682.31
20/01/2017,686.26
23/01/2017,687.15
24/01/2017,691.36
25/01/2017,697.28
02/02/2017,703.18
03/02/2017,700.35
06/02/2017,700.04
07/02/2017,701.91
08/02/2017,702.04
09/02/2017,700.65
10/02/2017,703.78
13/02/2017,705.9
14/02/2017,706.26
15/02/2017,711.57
16/02/2017,709.35
17/02/2017,707.83
20/02/2017,710.59
21/02/2017,716.55
22/02/2017,717.24
23/02/2017,716.87
24/02/2017,714.47
27/02/2017,717.44
28/02/2017,710.79
01/03/2017,709.52
02/03/2017,707.51
03/03/2017,712.62
06/03/2017,716.29
07/03/2017,716.54
08/03/2017,716.6
09/03/2017,715.8
10/03/2017,712.21
13/03/2017,710.17
14/03/2017,714.71
15/03/2017,713.14
16/03/2017,714.92
17/03/2017,710.54
20/03/2017,715.07
21/03/2017,716.18
22/03/2017,712.94
23/03/2017,719.56
24/03/2017,722.14
27/03/2017,723.52
28/03/2017,719.26
29/03/2017,720.47
30/03/2017,723.86
31/03/2017,722.31
03/04/2017,722.38
04/04/2017,724.14
05/04/2017,723.22
07/04/2017,727.95
10/04/2017,729.87
11/04/2017,731.33
12/04/2017,725.58
13/04/2017,724.35
14/04/2017,718.45
17/04/2017,710.83
18/04/2017,714.93
19/04/2017,716.77
20/04/2017,712.66
21/04/2017,712.41
24/04/2017,709.39
25/04/2017,707.58
26/04/2017,710.04
27/04/2017,716.53
28/04/2017,717.73
03/05/2017,719.54
04/05/2017,722.02
05/05/2017,720
08/05/2017,718.86
09/05/2017,722.11
10/05/2017,724.31
11/05/2017,724.99
12/05/2017,725.37
15/05/2017,725.35
16/05/2017,725.03
17/05/2017,727.2
18/05/2017,726.99
19/05/2017,733.82
22/05/2017,744.1
23/05/2017,740.93
24/05/2017,742.74
25/05/2017,741.91
26/05/2017,743.41
29/05/2017,746.25
30/05/2017,738.21
31/05/2017,737.82
01/06/2017,741.8
02/06/2017,738.81
05/06/2017,743.49
06/06/2017,751.31
07/06/2017,753.46
08/06/2017,750.13
09/06/2017,749.72
12/06/2017,751.09
13/06/2017,756.89
14/06/2017,760.77
15/06/2017,760.57
16/06/2017,761.24
19/06/2017,766.83
20/06/2017,767.99
21/06/2017,767.41
22/06/2017,766.3
23/06/2017,769.01
26/06/2017,772.52
27/06/2017,767.51
28/06/2017,769.04
29/06/2017,771.75
30/06/2017,776.47
03/07/2017,778.88
04/07/2017,775.54
05/07/2017,778.32
06/07/2017,782.65
07/07/2017,775.73
10/07/2017,766.56
11/07/2017,769.36
12/07/2017,774.17
13/07/2017,778.3
14/07/2017,777.6
17/07/2017,768.91
18/07/2017,767.49
19/07/2017,771.3
20/07/2017,768.41
21/07/2017,761.86
24/07/2017,759.74
25/07/2017,767.27
26/07/2017,773.88
27/07/2017,771.5
28/07/2017,777.09
31/07/2017,783.55
01/08/2017,786.81
02/08/2017,786.23
03/08/2017,788.49
04/08/2017,788.68
07/08/2017,792.98
08/08/2017,791.57
09/08/2017,773.66
10/08/2017,773.43
11/08/2017,772.08
14/08/2017,776.17
15/08/2017,771.06
16/08/2017,773.57
17/08/2017,767.59
18/08/2017,768.97
21/08/2017,768.79
22/08/2017,761.26
23/08/2017,765.98
24/08/2017,769.77
25/08/2017,771.63
28/08/2017,777.26
29/08/2017,774.03
30/08/2017,778.65
31/08/2017,782.76
01/09/2017,788.73
05/09/2017,792.31
06/09/2017,793.55
07/09/2017,796.72
08/09/2017,801.2
11/09/2017,797.47
12/09/2017,799.94
13/09/2017,802.78
14/09/2017,806.32
15/09/2017,805.82
18/09/2017,807.87
19/09/2017,805.93
20/09/2017,805.86
21/09/2017,803.93
22/09/2017,807.13
25/09/2017,805.58
26/09/2017,805.35
27/09/2017,803.77
28/09/2017,804.82
29/09/2017,804.42
02/10/2017,802.23
03/10/2017,798
04/10/2017,805.66
05/10/2017,805.23
06/10/2017,807.8
09/10/2017,808.96
10/10/2017,810.65
11/10/2017,813.95
12/10/2017,815.87
13/10/2017,820.95
16/10/2017,819.43
17/10/2017,828.29
18/10/2017,827.72
19/10/2017,828.93
20/10/2017,826.84
23/10/2017,820.04
24/10/2017,825.24
25/10/2017,830.69
26/10/2017,830.11
27/10/2017,840.37
30/10/2017,845.2
31/10/2017,837.28
01/11/2017,842.71
02/11/2017,833.09
03/11/2017,843.73
06/11/2017,849.09
07/11/2017,850.33
08/11/2017,859.7
09/11/2017,860.4
10/11/2017,868.21
13/11/2017,879.34
14/11/2017,880.9
15/11/2017,882.59
16/11/2017,892.8
17/11/2017,890.69
20/11/2017,903.55
21/11/2017,918.3
22/11/2017,932.66
23/11/2017,933.7
24/11/2017,935.57
27/11/2017,938.61
28/11/2017,941.21
29/11/2017,952.14
30/11/2017,949.93
01/12/2017,960.33
04/12/2017,970.02
05/12/2017,953.3
06/12/2017,947.64
07/12/2017,938.65
08/12/2017,940.16
11/12/2017,917.45
12/12/2017,927.25
13/12/2017,924.4
14/12/2017,935.85
15/12/2017,935.16
18/12/2017,958.06
19/12/2017,951.42
20/12/2017,953.51
21/12/2017,946.06
22/12/2017,952.32
25/12/2017,958.31
26/12/2017,965.93
27/12/2017,968.46
28/12/2017,976.72
29/12/2017,984.24
02/01/2018,995.77
03/01/2018,1005.67
04/01/2018,1019.75
05/01/2018,1012.65
08/01/2018,1022.9
09/01/2018,1033.56
10/01/2018,1038.11
11/01/2018,1048.17
12/01/2018,1050.11
15/01/2018,1063.47
16/01/2018,1062.96
17/01/2018,1034.69
18/01/2018,1050.25
19/01/2018,1062.07
22/01/2018,1087.42
25/01/2018,1104.57
26/01/2018,1115.64
29/01/2018,1109.8
30/01/2018,1110.56
31/01/2018,1110.36
01/02/2018,1099.67
02/02/2018,1105.04
05/02/2018,1048.71
06/02/2018,1011.6
07/02/2018,1040.55
08/02/2018,1023.25
09/02/2018,1003.94
12/02/2018,1041.79
13/02/2018,1059.73
21/02/2018,1087.15
22/02/2018,1076.03
23/02/2018,1102.85
26/02/2018,1114.53
27/02/2018,1119.61
28/02/2018,1121.54
01/03/2018,1115.79
02/03/2018,1121.21
05/03/2018,1093.48
06/03/2018,1120.29
07/03/2018,1112.26
08/03/2018,1124.15
09/03/2018,1123.41
12/03/2018,1126.29
13/03/2018,1133.31
14/03/2018,1138.09
15/03/2018,1138.76
16/03/2018,1150.19
19/03/2018,1159.22
20/03/2018,1159.39
21/03/2018,1169.36
22/03/2018,1172.36
23/03/2018,1153.59
26/03/2018,1171.22
27/03/2018,1171.73
28/03/2018,1172.24
29/03/2018,1167.03
30/03/2018,1174.46
02/04/2018,1196.61
03/04/2018,1188.29
04/04/2018,1191.54
05/04/2018,1193.17
06/04/2018,1199.96
09/04/2018,1204.33
10/04/2018,1198.12
11/04/2018,1167.11
12/04/2018,1173.02
13/04/2018,1157.14
16/04/2018,1148.49
17/04/2018,1153.28
18/04/2018,1138.53
19/04/2018,1094.63
20/04/2018,1119.86
23/04/2018,1076.78
24/04/2018,1080.74
26/04/2018,1044.86
27/04/2018,1050.26
02/05/2018,1029.08
03/05/2018,1026.46
04/05/2018,1026.8
07/05/2018,1062.26
08/05/2018,1060.45
09/05/2018,1056.97
10/05/2018,1028.87
11/05/2018,1044.85
14/05/2018,1066.98
15/05/2018,1073.5
16/05/2018,1054.62
17/05/2018,1030.64
18/05/2018,1040.54
21/05/2018,1014.98
22/05/2018,985.91
23/05/2018,988.94
24/05/2018,985.92
25/05/2018,963.9
28/05/2018,931.75
29/05/2018,952.18
30/05/2018,948.5
31/05/2018,971.25
01/06/2018,992.87
04/06/2018,1013.78
05/06/2018,1022.74
06/06/2018,1034.5
07/06/2018,1036.69
08/06/2018,1039.01
11/06/2018,1039.02
12/06/2018,1020.76
13/06/2018,1030.53
14/06/2018,1015.72
15/06/2018,1016.51
18/06/2018,987.34
19/06/2018,962.16
20/06/2018,980.95
21/06/2018,969.4
22/06/2018,983.17
25/06/2018,990.52
26/06/2018,983.02
27/06/2018,968.91
28/06/2018,957.35
29/06/2018,960.78
02/07/2018,947.15
03/07/2018,906.01
04/07/2018,914.99
05/07/2018,899.4
06/07/2018,917.51
09/07/2018,915.12
10/07/2018,911.12
11/07/2018,893.16
12/07/2018,898.51
13/07/2018,909.72
16/07/2018,911.11
17/07/2018,921.27
18/07/2018,942.39
19/07/2018,943.97
20/07/2018,933.39
23/07/2018,936.74
24/07/2018,934.08
25/07/2018,927.58
26/07/2018,930.16
27/07/2018,935.52
30/07/2018,949.73
31/07/2018,956.39
01/08/2018,952.77
02/08/2018,953.55
03/08/2018,959.6
06/08/2018,960.23
07/08/2018,956.79
08/08/2018,966.27
09/08/2018,963.5
10/08/2018,968.47
13/08/2018,978.04
14/08/2018,978.27
15/08/2018,961.37
16/08/2018,964.28
17/08/2018,968.88
20/08/2018,969.62
21/08/2018,979.21
22/08/2018,982.15
23/08/2018,987.36
24/08/2018,987.05
27/08/2018,991.92
28/08/2018,995.19
29/08/2018,988.17
30/08/2018,998.07
31/08/2018,989.54
04/09/2018,975.94
05/09/2018,968.44
06/09/2018,958.19
07/09/2018,968.9
10/09/2018,970.34
11/09/2018,985.06
12/09/2018,987.01
13/09/2018,987.95
14/09/2018,991.34
17/09/2018,987.61
18/09/2018,993.49
19/09/2018,995.54
20/09/2018,1004.74
21/09/2018,1002.97
24/09/2018,1011.29
25/09/2018,1010.74
26/09/2018,1009.61
27/09/2018,1015.37
28/09/2018,1017.13
01/10/2018,1012.88
02/10/2018,1018.79
03/10/2018,1020.4
04/10/2018,1023.62
05/10/2018,1008.39
08/10/2018,996.12
09/10/2018,996.19
10/10/2018,993.96
11/10/2018,945.89
12/10/2018,970.08
15/10/2018,951.64
16/10/2018,963.37
17/10/2018,971.6
18/10/2018,963.47
19/10/2018,958.36
22/10/2018,953.51
23/10/2018,939.68
24/10/2018,922.73
25/10/2018,910.17
26/10/2018,900.82
29/10/2018,888.82
30/10/2018,888.69
31/10/2018,914.76
01/11/2018,907.96
02/11/2018,924.86
05/11/2018,925.53
06/11/2018,922.05
07/11/2018,922.16
08/11/2018,926.28
09/11/2018,914.29
12/11/2018,918.12
13/11/2018,905.38
14/11/2018,900.93
15/11/2018,897.15
16/11/2018,898.19
19/11/2018,916.06
20/11/2018,919.02
21/11/2018,922.56
22/11/2018,924.42
23/11/2018,917.97
26/11/2018,921.03
27/11/2018,923.12
28/11/2018,930.2
29/11/2018,926.79
30/11/2018,926.54
03/12/2018,951.59
04/12/2018,958.84
05/12/2018,957.14
06/12/2018,954.82
07/12/2018,958.59
10/12/2018,955.89
11/12/2018,954.58
12/12/2018,961.28
13/12/2018,960.25
14/12/2018,952.04
17/12/2018,933.65
18/12/2018,927.25
19/12/2018,919.24
20/12/2018,918.24
21/12/2018,912.26
24/12/2018,908.56
25/12/2018,897.94
26/12/2018,891.75
27/12/2018,900.81
28/12/2018,892.54
02/01/2019,891.75
03/01/2019,878.22
04/01/2019,880.9
07/01/2019,889.64
08/01/2019,887.44
09/01/2019,896.99
10/01/2019,898.3
11/01/2019,902.71
14/01/2019,901.8
15/01/2019,909.68
16/01/2019,908.7
17/01/2019,901.89
18/01/2019,902.3
21/01/2019,911.05
22/01/2019,906.55
23/01/2019,908.18
24/01/2019,908.79
25/01/2019,908.88
28/01/2019,912.18
29/01/2019,915.93
30/01/2019,915.84
31/01/2019,910.65
01/02/2019,908.67
11/02/2019,926.1
12/02/2019,937.54
13/02/2019,945.25
14/02/2019,952.34
15/02/2019,950.89
18/02/2019,961.3
19/02/2019,964.35
20/02/2019,970.58
21/02/2019,987.57
22/02/2019,988.91
25/02/2019,994.43
26/02/2019,987.06
27/02/2019,990.27
28/02/2019,965.47
01/03/2019,979.63
04/03/2019,993.99
05/03/2019,992.45
06/03/2019,994.49
07/03/2019,994.03
08/03/2019,985.25
11/03/2019,984.6
12/03/2019,1001.32
13/03/2019,1005.41
14/03/2019,1008.44
15/03/2019,1004.12
18/03/2019,1011.86
19/03/2019,1006.59
20/03/2019,1002.3
21/03/2019,981.78
22/03/2019,988.71
25/03/2019,970.07
26/03/2019,969.79
27/03/2019,975.91
28/03/2019,982.98
29/03/2019,980.76
01/04/2019,988.53
02/04/2019,985.81
03/04/2019,984.46
04/04/2019,986.91
05/04/2019,989.26
08/04/2019,997.56
09/04/2019,988.48
10/04/2019,981.91
11/04/2019,985.95
12/04/2019,982.9
16/04/2019,977.17
17/04/2019,972.1
18/04/2019,962.3
19/04/2019,966.21
22/04/2019,965.86
23/04/2019,968
24/04/2019,976.92
25/04/2019,974.13
26/04/2019,979.64
02/05/2019,978.5
03/05/2019,974.14
06/05/2019,957.97
07/05/2019,957.56
08/05/2019,951.22
09/05/2019,947.01
10/05/2019,952.55
13/05/2019,958.54
14/05/2019,965.34
15/05/2019,975.64
16/05/2019,975.69
17/05/2019,976.48
20/05/2019,987.13
21/05/2019,986.29
22/05/2019,983.78
23/05/2019,982.71
24/05/2019,970.03
27/05/2019,975.14
28/05/2019,972
29/05/2019,971.54
30/05/2019,969.34
31/05/2019,959.88
03/06/2019,946.47
04/06/2019,951.16
05/06/2019,951.41
06/06/2019,948.21
07/06/2019,958.28
10/06/2019,962.9
11/06/2019,962.07
12/06/2019,954.17
13/06/2019,950.08
14/06/2019,953.61
17/06/2019,946.95
18/06/2019,944.01
19/06/2019,949.69
20/06/2019,959.18
21/06/2019,959.2
24/06/2019,962.85
25/06/2019,960.13
26/06/2019,959.13
27/06/2019,943.11
28/06/2019,949.94
01/07/2019,965.61
02/07/2019,961.98
03/07/2019,960.39
04/07/2019,973.04
05/07/2019,975.34
08/07/2019,966.35
09/07/2019,969.05
10/07/2019,973.65
11/07/2019,978.63
12/07/2019,975.4
15/07/2019,972.53
16/07/2019,982.11
17/07/2019,982.57
18/07/2019,976.05
19/07/2019,982.34
22/07/2019,982.04
23/07/2019,989.46
24/07/2019,988.41
25/07/2019,994.95
26/07/2019,993.35
29/07/2019,997.94
30/07/2019,986.02
31/07/2019,991.66
01/08/2019,997.39
02/08/2019,991.1
05/08/2019,973.15
06/08/2019,964.61
07/08/2019,965.93
08/08/2019,975.24
09/08/2019,974.34
12/08/2019,975.31
13/08/2019,966.83
14/08/2019,968.91
15/08/2019,979.38
16/08/2019,980
19/08/2019,981.03
20/08/2019,984.67
21/08/2019,994.38
22/08/2019,997.26
23/08/2019,992.45
26/08/2019,982.88
27/08/2019,976.79
28/08/2019,977.26
29/08/2019,978.59
30/08/2019,984.06
03/09/2019,979.36
04/09/2019,977.63
05/09/2019,976.79
06/09/2019,974.08
09/09/2019,974.12
10/09/2019,970.26
11/09/2019,969.31
12/09/2019,976.07
13/09/2019,987.22
16/09/2019,989.86
17/09/2019,996.74
18/09/2019,995.15
19/09/2019,997.1
20/09/2019,990.36
23/09/2019,985.75
24/09/2019,988.13
25/09/2019,987.3
26/09/2019,990.75
27/09/2019,997.84
30/09/2019,996.56
01/10/2019,999.59
02/10/2019,991.19
03/10/2019,989.67
04/10/2019,987.59
07/10/2019,983.09
08/10/2019,988.22
09/10/2019,987.83
10/10/2019,987.38
11/10/2019,991.84
14/10/2019,993.57
15/10/2019,993.05
16/10/2019,994.46
17/10/2019,989.82
18/10/2019,989.2
21/10/2019,983.56
22/10/2019,987.19
23/10/2019,987.79
24/10/2019,993.6
25/10/2019,996.57
28/10/2019,996.48
29/10/2019,995.87
30/10/2019,1000.89
31/10/2019,998.82
01/11/2019,1015.59
04/11/2019,1022.43
05/11/2019,1024.34
06/11/2019,1024.91
07/11/2019,1024.03
08/11/2019,1022.49
11/11/2019,1016.75
12/11/2019,1018.33
13/11/2019,1012.77
14/11/2019,1012.3
15/11/2019,1010.03
18/11/2019,1002.91
19/11/2019,1008.35
20/11/2019,1000.56
21/11/2019,987.89
22/11/2019,977.78
25/11/2019,976.35
26/11/2019,976.79
27/11/2019,978.17
28/11/2019,970.39
29/11/2019,970.75
02/12/2019,959.31
03/12/2019,953.43
04/12/2019,965.9
05/12/2019,963.27
06/12/2019,963.56
09/12/2019,966.06
10/12/2019,960.3
11/12/2019,961.78
12/12/2019,968.17
13/12/2019,966.18
16/12/2019,961.47
17/12/2019,954.03
18/12/2019,951.13
19/12/2019,952.26
20/12/2019,956.41
23/12/2019,959.43
24/12/2019,958.88
25/12/2019,960.92
26/12/2019,958.59
27/12/2019,963.51
30/12/2019,965.03
31/12/2019,960.99
02/01/2020,966.67
03/01/2020,965.14
06/01/2020,955.79
07/01/2020,958.88
08/01/2020,948.98
09/01/2020,960.15
10/01/2020,968.54
13/01/2020,965.84
14/01/2020,967
15/01/2020,967.56
16/01/2020,974.31
17/01/2020,978.96
20/01/2020,978.63
21/01/2020,986.37
22/01/2020,991.46
30/01/2020,959.58
31/01/2020,936.62
03/02/2020,928.14
04/02/2020,929.09
05/02/2020,925.91
06/02/2020,938.54
07/02/2020,940.75
10/02/2020,930.73
11/02/2020,934.67
12/02/2020,937.68
13/02/2020,938.24
14/02/2020,937.45
17/02/2020,934.77
18/02/2020,927.93
19/02/2020,928.76
20/02/2020,938.13
21/02/2020,933.09
24/02/2020,903.34
25/02/2020,909.67
26/02/2020,895.97
27/02/2020,898.44
28/02/2020,882.19
02/03/2020,884.43
03/03/2020,890.61
04/03/2020,889.37
05/03/2020,893.31
06/03/2020,891.44
09/03/2020,835.49
10/03/2020,837.5
11/03/2020,811.35
12/03/2020,769.25
13/03/2020,761.78
16/03/2020,747.86
17/03/2020,745.78
18/03/2020,747.66
19/03/2020,725.94
20/03/2020,709.73
23/03/2020,666.59
24/03/2020,659.21
25/03/2020,690.25
26/03/2020,694.21
27/03/2020,696.06
30/03/2020,662.26
31/03/2020,662.53
01/04/2020,680.23
03/04/2020,701.8
06/04/2020,736.75
07/04/2020,746.69
08/04/2020,748.02
09/04/2020,760.33
10/04/2020,757.94
13/04/2020,765.79
14/04/2020,767.41
15/04/2020,777.22
16/04/2020,780.7
17/04/2020,789.6
20/04/2020,794.97
21/04/2020,766.84
22/04/2020,768.92
23/04/2020,773.91
24/04/2020,776.66
27/04/2020,770.77
28/04/2020,767.21
29/04/2020,769.11
04/05/2020,762.47
05/05/2020,764.16
06/05/2020,782.59
07/05/2020,796.54
08/05/2020,813.73
11/05/2020,828.33
12/05/2020,835.32
13/05/2020,834.21
14/05/2020,832.4
15/05/2020,827.03
18/05/2020,837.01
19/05/2020,845.92
20/05/2020,852.91
21/05/2020,862.73
22/05/2020,852.74
25/05/2020,859.04
26/05/2020,869.13
27/05/2020,857.48
28/05/2020,861.39
29/05/2020,864.47
01/06/2020,878.67
02/06/2020,874.8
03/06/2020,881.17
04/06/2020,883.9
05/06/2020,886.22
08/06/2020,899.92
09/06/2020,899.43
10/06/2020,900
11/06/2020,867.37
12/06/2020,863.52
15/06/2020,832.47
16/06/2020,856.13
17/06/2020,854.44
18/06/2020,855.27
19/06/2020,868.56
22/06/2020,871.28
23/06/2020,868.2
24/06/2020,859.71
25/06/2020,854.59
26/06/2020,851.98
29/06/2020,829.36
30/06/2020,825.11
01/07/2020,843.49
02/07/2020,842.38
03/07/2020,847.61
06/07/2020,861.16
07/07/2020,863.42
08/07/2020,864.5
09/07/2020,876.46
10/07/2020,871.21
13/07/2020,868.72
14/07/2020,868.11
15/07/2020,869.91
16/07/2020,876.83
17/07/2020,872.02
20/07/2020,861.4
21/07/2020,861.69
22/07/2020,855.08
23/07/2020,856.75
24/07/2020,829.16
27/07/2020,785.17
28/07/2020,813.36
29/07/2020,790.84
30/07/2020,801.13
31/07/2020,798.39
03/08/2020,814.65
04/08/2020,827.57
05/08/2020,837.8
06/08/2020,840.04
07/08/2020,841.46
10/08/2020,843.2
11/08/2020,843.08
12/08/2020,846.92
13/08/2020,855.05
14/08/2020,850.74
17/08/2020,850.15
18/08/2020,846.43
19/08/2020,851.21
20/08/2020,848.21
21/08/2020,854.78
24/08/2020,868.68
25/08/2020,874.12
26/08/2020,873.47
27/08/2020,874.71
28/08/2020,878.98
31/08/2020,881.65
01/09/2020,891.73
03/09/2020,903.97
04/09/2020,901.54
07/09/2020,888.25
08/09/2020,890.14
09/09/2020,889.32
10/09/2020,888.82
11/09/2020,888.97
14/09/2020,894.57
15/09/2020,896.26
16/09/2020,897.47
17/09/2020,894.04
18/09/2020,900.95
21/09/2020,907.94
22/09/2020,906.19
23/09/2020,912.5
24/09/2020,908.58
25/09/2020,908.27
28/09/2020,912.5
29/09/2020,903.98
30/09/2020,905.21
01/10/2020,914.09
02/10/2020,909.91
05/10/2020,914.68
06/10/2020,915.67
07/10/2020,919.72
08/10/2020,918.84
09/10/2020,924
12/10/2020,925.83
13/10/2020,929.86
14/10/2020,940.18
15/10/2020,942.76
16/10/2020,943.3
19/10/2020,943.69
20/10/2020,944.42
21/10/2020,939.03
22/10/2020,949.9
23/10/2020,961.26
26/10/2020,950.8
27/10/2020,946.47
28/10/2020,921.05
29/10/2020,919.08
30/10/2020,925.47
02/11/2020,933.68
03/11/2020,935.41
04/11/2020,939.76
05/11/2020,937.75
06/11/2020,938.29
09/11/2020,951.99
10/11/2020,951.9
11/11/2020,952.22
12/11/2020,959.28
13/11/2020,966.29
16/11/2020,950.79
17/11/2020,968.9
18/11/2020,973.53
19/11/2020,983.26
20/11/2020,990
23/11/2020,994.19
24/11/2020,995.76
25/11/2020,999.94
26/11/2020,1005.97
27/11/2020,1010.22
30/11/2020,1003.08
01/12/2020,1008.87
02/12/2020,1014.32
03/12/2020,1019.8
04/12/2020,1021.49
07/12/2020,1029.98
08/12/2020,1029.26
09/12/2020,1039.13
10/12/2020,1030.91
11/12/2020,1045.96
14/12/2020,1064.09
15/12/2020,1055.27
16/12/2020,1066.99
17/12/2020,1051.77
18/12/2020,1067.46
21/12/2020,1081.08
22/12/2020,1083.45
23/12/2020,1078.9
24/12/2020,1067.52
25/12/2020,1084.42
28/12/2020,1091.33
29/12/2020,1099.49
30/12/2020,1097.54
31/12/2020,1103.87
04/01/2021,1120.47
05/01/2021,1132.55
06/01/2021,1143.21
07/01/2021,1156.49
08/01/2021,1167.69
11/01/2021,1184.89
12/01/2021,1192.28
13/01/2021,1186.05
14/01/2021,1187.4
15/01/2021,1194.2
18/01/2021,1191.94
19/01/2021,1131
20/01/2021,1134.68
21/01/2021,1164.21
22/01/2021,1166.78
25/01/2021,1166.05
26/01/2021,1136.12
27/01/2021,1097.17
28/01/2021,1023.94
29/01/2021,1056.61
01/02/2021,1035.51
02/02/2021,1075.53
03/02/2021,1111.29
04/02/2021,1112.19
05/02/2021,1126.91
08/02/2021,1083.18
09/02/2021,1114.93
17/02/2021,1155.78
18/02/2021,1174.38
19/02/2021,1173.5
22/02/2021,1175.04
23/02/2021,1177.64
24/02/2021,1162.01
25/02/2021,1165.43
26/02/2021,1168.47
01/03/2021,1186.17
02/03/2021,1186.61
03/03/2021,1186.95
04/03/2021,1168.52
05/03/2021,1168.69
08/03/2021,1168.27
09/03/2021,1161.97
10/03/2021,1170.08
11/03/2021,1181.73
12/03/2021,1181.56
15/03/2021,1184.56
16/03/2021,1179.9
17/03/2021,1186.09
18/03/2021,1200.94
19/03/2021,1194.05
22/03/2021,1194.43
23/03/2021,1183.45
24/03/2021,1161.81
25/03/2021,1163.1
26/03/2021,1162.21
29/03/2021,1175.68
30/03/2021,1186.36
31/03/2021,1191.44
01/04/2021,1216.1
02/04/2021,1224.45
05/04/2021,1236.05
06/04/2021,1239.96
07/04/2021,1242.38
08/04/2021,1234.89
09/04/2021,1231.66
12/04/2021,1252.45
13/04/2021,1248.33
14/04/2021,1255.87
15/04/2021,1247.25
16/04/2021,1238.71
19/04/2021,1260.58
20/04/2021,1268.28
22/04/2021,1227.82
23/04/2021,1248.53
26/04/2021,1215.77
27/04/2021,1219.75
28/04/2021,1229.55
29/04/2021,1239.39
04/05/2021,1242.2
05/05/2021,1256.43
06/05/2021,1250.57
07/05/2021,1241.81
10/05/2021,1259.58
11/05/2021,1256.04
12/05/2021,1269.09
13/05/2021,1261.99
14/05/2021,1266.36
17/05/2021,1258.7
18/05/2021,1252.68
19/05/2021,1262.49
20/05/2021,1278.22
21/05/2021,1283.93
24/05/2021,1297.98
25/05/2021,1308.58
26/05/2021,1316.7
27/05/2021,1303.57
28/05/2021,1320.46
31/05/2021,1328.05
01/06/2021,1337.78
02/06/2021,1340.78
03/06/2021,1364.28
04/06/2021,1374.05
07/06/2021,1358.78
08/06/2021,1319.88
09/06/2021,1332.9
10/06/2021,1323.58
11/06/2021,1351.74
14/06/2021,1361.72
15/06/2021,1367.36
16/06/2021,1356.52
17/06/2021,1359.92
18/06/2021,1377.77
21/06/2021,1372.63
22/06/2021,1379.97
23/06/2021,1376.87
24/06/2021,1379.72
25/06/2021,1390.12
28/06/2021,1405.81
29/06/2021,1410.04
30/06/2021,1408.55
01/07/2021,1417.08
02/07/2021,1420.27
05/07/2021,1411.13
06/07/2021,1354.79
07/07/2021,1388.55
08/07/2021,1374.68
09/07/2021,1347.14
12/07/2021,1296.3
13/07/2021,1297.54
14/07/2021,1279.91
15/07/2021,1293.92
16/07/2021,1299.31
19/07/2021,1243.51
20/07/2021,1273.29
21/07/2021,1270.79
22/07/2021,1293.67
23/07/2021,1268.83
26/07/2021,1272.71
27/07/2021,1276.93
28/07/2021,1277.07
29/07/2021,1293.6
30/07/2021,1310.05
02/08/2021,1314.22
03/08/2021,1332.44
04/08/2021,1334.74
05/08/2021,1345.55
06/08/2021,1341.45
09/08/2021,1359.86
10/08/2021,1362.43
11/08/2021,1357.79
12/08/2021,1353.05
13/08/2021,1357.05
16/08/2021,1370.96
17/08/2021,1363.09
18/08/2021,1360.94
19/08/2021,1374.85
20/08/2021,1329.43
23/08/2021,1298.86
24/08/2021,1298.74
25/08/2021,1309.55
26/08/2021,1301.12
27/08/2021,1313.2
30/08/2021,1328.14
31/08/2021,1331.47
01/09/2021,1334.65
06/09/2021,1346.39
07/09/2021,1341.9
08/09/2021,1333.61
09/09/2021,1343.98
10/09/2021,1345.31
13/09/2021,1341.43
14/09/2021,1339.7
15/09/2021,1345.83
16/09/2021,1345.87
17/09/2021,1352.64
20/09/2021,1350.48
21/09/2021,1339.84
22/09/2021,1350.68
23/09/2021,1352.76
24/09/2021,1351.17
27/09/2021,1324.99
28/09/2021,1339.31
29/09/2021,1339.21
30/09/2021,1342.06
01/10/2021,1334.89
04/10/2021,1339.54
05/10/2021,1354.63
06/10/2021,1362.82
07/10/2021,1365.99
08/10/2021,1372.73
11/10/2021,1394.09
12/10/2021,1394.8
13/10/2021,1391.91
14/10/2021,1391.85
15/10/2021,1392.7
18/10/2021,1395.53
19/10/2021,1395.33
20/10/2021,1393.8
21/10/2021,1384.77
22/10/2021,1389.24
25/10/2021,1385.4
26/10/2021,1391.63
27/10/2021,1423.02
28/10/2021,1438.01
29/10/2021,1444.27
01/11/2021,1438.97
02/11/2021,1452.46
03/11/2021,1444.3
04/11/2021,1448.34
05/11/2021,1456.51
08/11/2021,1467.57
09/11/2021,1461.5
10/11/2021,1465.02
11/11/2021,1462.35
12/11/2021,1473.37
15/11/2021,1476.57
16/11/2021,1466.45
17/11/2021,1475.85
18/11/2021,1469.83
19/11/2021,1452.35
22/11/2021,1447.25
23/11/2021,1463.63
24/11/2021,1488.87
25/11/2021,1500.81
26/11/2021,1493.03
29/11/2021,1484.84
30/11/2021,1478.44
01/12/2021,1485.19
02/12/2021,1482.05
03/12/2021,1443.32
06/12/2021,1413.58
07/12/2021,1446.77
08/12/2021,1452.87
09/12/2021,1467.98
10/12/2021,1463.54
13/12/2021,1476.21
14/12/2021,1476.02
15/12/2021,1475.5
16/12/2021,1476.61
17/12/2021,1479.79
20/12/2021,1477.33
21/12/2021,1478.74
22/12/2021,1477.67
23/12/2021,1456.96
24/12/2021,1477.03
27/12/2021,1488.88
28/12/2021,1494.39
29/12/2021,1485.82
30/12/2021,1485.97
31/12/2021,1498.28
04/01/2022,1525.58
05/01/2022,1522.5
06/01/2022,1528.57
07/01/2022,1528.48
10/01/2022,1503.71
11/01/2022,1492.31
12/01/2022,1510.51
13/01/2022,1496.05
14/01/2022,1496.02
17/01/2022,1452.84
18/01/2022,1438.94
19/01/2022,1442.79
20/01/2022,1465.3
21/01/2022,1472.89
24/01/2022,1439.71
25/01/2022,1479.58
26/01/2022,1481.58
27/01/2022,1470.76
28/01/2022,1478.96
07/02/2022,1497.66
08/02/2022,1500.99
09/02/2022,1505.38
10/02/2022,1506.79
11/02/2022,1501.71
14/02/2022,1471.96
15/02/2022,1492.75
16/02/2022,1492.1
17/02/2022,1507.99
18/02/2022,1504.84
21/02/2022,1510.84
22/02/2022,1503.47
23/02/2022,1512.3
24/02/2022,1494.85
25/02/2022,1498.89
28/02/2022,1490.13
01/03/2022,1498.78
02/03/2022,1485.52
03/03/2022,1505
04/03/2022,1505.33
07/03/2022,1499.05
08/03/2022,1473.71
09/03/2022,1473.74
10/03/2022,1479.08
11/03/2022,1466.54
14/03/2022,1446.25
15/03/2022,1452.74
16/03/2022,1459.33
17/03/2022,1461.34
18/03/2022,1469.1
21/03/2022,1494.95
22/03/2022,1503.78
23/03/2022,1502.34
24/03/2022,1498.26
25/03/2022,1498.5
28/03/2022,1483.18
29/03/2022,1497.76
30/03/2022,1490.51
31/03/2022,1492.15
01/04/2022,1516.44
04/04/2022,1524.7
05/04/2022,1520.03
06/04/2022,1522.9
07/04/2022,1502.35
08/04/2022,1482
12/04/2022,1455.25
13/04/2022,1477.2
14/04/2022,1472.12
15/04/2022,1458.56
18/04/2022,1432.6
19/04/2022,1406.45
20/04/2022,1384.72
21/04/2022,1370.21
22/04/2022,1379.23
25/04/2022,1310.92
26/04/2022,1341.34
27/04/2022,1353.77
28/04/2022,1350.99
29/04/2022,1366.8
04/05/2022,1348.68
05/05/2022,1360.68
06/05/2022,1329.26
09/05/2022,1269.62
10/05/2022,1293.56
11/05/2022,1301.53
12/05/2022,1238.84
13/05/2022,1182.77
16/05/2022,1171.95
17/05/2022,1228.37
18/05/2022,1240.76
19/05/2022,1241.64
20/05/2022,1240.71
23/05/2022,1218.81
24/05/2022,1233.38
25/05/2022,1268.43
26/05/2022,1268.57
27/05/2022,1285.45
30/05/2022,1293.92
31/05/2022,1292.68
01/06/2022,1299.52
02/06/2022,1288.62
03/06/2022,1287.98
06/06/2022,1290.01
07/06/2022,1291.35
08/06/2022,1307.91
09/06/2022,1307.8
10/06/2022,1284.08
13/06/2022,1227.04
14/06/2022,1230.31
15/06/2022,1213.93
16/06/2022,1236.63
17/06/2022,1217.3
20/06/2022,1180.4
21/06/2022,1172.47
22/06/2022,1169.27
23/06/2022,1188.88
24/06/2022,1185.48
27/06/2022,1202.82
28/06/2022,1218.1
29/06/2022,1218.09
30/06/2022,1197.6
01/07/2022,1198.9
04/07/2022,1195.53
05/07/2022,1181.29
06/07/2022,1149.61
07/07/2022,1166.48
08/07/2022,1171.31
11/07/2022,1155.29
12/07/2022,1174.82
13/07/2022,1173.92
14/07/2022,1182.17
15/07/2022,1179.25
18/07/2022,1176.49
19/07/2022,1178.33
20/07/2022,1194.14
21/07/2022,1198.47
22/07/2022,1194.76
25/07/2022,1188.5
26/07/2022,1185.07
27/07/2022,1191.04
28/07/2022,1208.12
29/07/2022,1206.33
01/08/2022,1231.35
02/08/2022,1241.62
03/08/2022,1249.76
04/08/2022,1254.15
05/08/2022,1252.74
08/08/2022,1256.75
09/08/2022,1258.85
10/08/2022,1256.5
11/08/2022,1252.07
12/08/2022,1262.33
15/08/2022,1274.2
16/08/2022,1274.69
17/08/2022,1275.28
18/08/2022,1273.66
19/08/2022,1269.18
22/08/2022,1260.43
23/08/2022,1270.81
24/08/2022,1277.16
25/08/2022,1288.88
26/08/2022,1282.57
29/08/2022,1270.8
30/08/2022,1279.39
31/08/2022,1280.51
05/09/2022,1277.35
06/09/2022,1277.4
07/09/2022,1243.17
08/09/2022,1234.6
09/09/2022,1248.78
12/09/2022,1249.62
13/09/2022,1248.4
14/09/2022,1240.77
15/09/2022,1245.66
16/09/2022,1234.03
19/09/2022,1205.43
20/09/2022,1218.93
21/09/2022,1210.55
22/09/2022,1214.7
23/09/2022,1203.28
26/09/2022,1174.35
27/09/2022,1166.54
28/09/2022,1143.62
29/09/2022,1126.07
30/09/2022,1132.11
03/10/2022,1086.44
04/10/2022,1078.14
05/10/2022,1104.26
06/10/2022,1074.52
07/10/2022,1035.91
10/10/2022,1042.48
11/10/2022,1006.2
12/10/2022,1034.81
13/10/2022,1050.99
14/10/2022,1061.85
17/10/2022,1051.58
18/10/2022,1063.66
19/10/2022,1060.07
20/10/2022,1058.45
21/10/2022,1019.82
24/10/2022,986.15
25/10/2022,997.7
26/10/2022,993.36
27/10/2022,1028.01
28/10/2022,1027.36
31/10/2022,1027.94
01/11/2022,1033.75
02/11/2022,1023.19
03/11/2022,1019.81
04/11/2022,997.15
07/11/2022,975.19
08/11/2022,981.65
09/11/2022,985.59
10/11/2022,947.24
11/11/2022,954.53
14/11/2022,941.04
15/11/2022,911.9
16/11/2022,942.9
17/11/2022,969.26
18/11/2022,969.33
21/11/2022,960.65
22/11/2022,952.12
23/11/2022,946
24/11/2022,947.71
25/11/2022,971.46
28/11/2022,1005.69
29/11/2022,1032.16
30/11/2022,1048.42
01/12/2022,1036.28
02/12/2022,1080.01
05/12/2022,1093.67
06/12/2022,1048.69
07/12/2022,1041.02
08/12/2022,1050.53
09/12/2022,1051.81
12/12/2022,1032.07
13/12/2022,1047.45
14/12/2022,1050.43
15/12/2022,1055.32
16/12/2022,1052.48
19/12/2022,1038.4
20/12/2022,1023.13
21/12/2022,1018.88
22/12/2022,1022.61
23/12/2022,1020.34
26/12/2022,985.21
27/12/2022,1004.57
28/12/2022,1015.66
29/12/2022,1009.29
30/12/2022,1007.09
03/01/2023,1043.9
04/01/2023,1046.35
05/01/2023,1055.82
06/01/2023,1051.44
09/01/2023,1054.21
10/01/2023,1053.35
11/01/2023,1055.76
12/01/2023,1056.39
13/01/2023,1060.17
16/01/2023,1066.68
17/01/2023,1088.29
18/01/2023,1098.28
19/01/2023,1108.08
27/01/2023,1117.1
30/01/2023,1102.57
31/01/2023,1111.18
01/02/2023,1075.97
02/02/2023,1077.59
03/02/2023,1077.15
06/02/2023,1089.29
07/02/2023,1065.84
08/02/2023,1072.22
09/02/2023,1064.03
10/02/2023,1055.3
13/02/2023,1043.7
14/02/2023,1038.64
15/02/2023,1048.2
16/02/2023,1058.29
17/02/2023,1059.31
20/02/2023,1086.69
21/02/2023,1082.23
22/02/2023,1054.28
23/02/2023,1053.66
24/02/2023,1039.56
27/02/2023,1021.25
28/02/2023,1024.68
01/03/2023,1040.55
02/03/2023,1037.61
03/03/2023,1024.77
06/03/2023,1027.18
07/03/2023,1037.84
08/03/2023,1049.18
09/03/2023,1055.95
10/03/2023,1053
13/03/2023,1052.8
14/03/2023,1040.13
15/03/2023,1062.19
16/03/2023,1047.4
17/03/2023,1045.14
20/03/2023,1023.1
21/03/2023,1032.43
22/03/2023,1040.54
23/03/2023,1045.1
24/03/2023,1046.79
27/03/2023,1052.25
28/03/2023,1054.29
29/03/2023,1056.33
30/03/2023,1059.44
31/03/2023,1064.64
03/04/2023,1079.28
04/04/2023,1078.45
05/04/2023,1080.86
06/04/2023,1070.91
07/04/2023,1069.71
10/04/2023,1065.35
11/04/2023,1069.46
12/04/2023,1069.45
13/04/2023,1064.3
14/04/2023,1052.89
17/04/2023,1053.81
18/04/2023,1055.02
19/04/2023,1048.98
20/04/2023,1049.25
21/04/2023,1042.91
24/04/2023,1041.36
25/04/2023,1034.85
26/04/2023,1040.8
27/04/2023,1039.63
28/04/2023,1049.12
04/05/2023,1040.61
05/05/2023,1040.31
08/05/2023,1053.44
09/05/2023,1053.77
10/05/2023,1058.26
11/05/2023,1057.12
12/05/2023,1066.9
15/05/2023,1065.71
16/05/2023,1065.91
17/05/2023,1060.44
18/05/2023,1068.31
19/05/2023,1067.07
22/05/2023,1070.64
23/05/2023,1065.85
24/05/2023,1061.79
25/05/2023,1064.63
26/05/2023,1063.76
29/05/2023,1074.98
30/05/2023,1078.05
31/05/2023,1075.17
01/06/2023,1078.39
02/06/2023,1090.84
05/06/2023,1097.82
06/06/2023,1108.31
07/06/2023,1109.54
08/06/2023,1101.32
09/06/2023,1107.53
12/06/2023,1116.02
13/06/2023,1122.46
14/06/2023,1117.42
15/06/2023,1116.97
16/06/2023,1115.22
19/06/2023,1105.4
20/06/2023,1111.72
21/06/2023,1118.46
22/06/2023,1125.3
23/06/2023,1129.38
26/06/2023,1132.03
27/06/2023,1134.33
28/06/2023,1138.35
29/06/2023,1125.39
30/06/2023,1120.18
03/07/2023,1125.5
04/07/2023,1132
05/07/2023,1134.62
06/07/2023,1126.22
07/07/2023,1138.07
10/07/2023,1149.02
11/07/2023,1151.77
12/07/2023,1154.2
13/07/2023,1165.42
14/07/2023,1168.4
17/07/2023,1173.13
18/07/2023,1174.09
19/07/2023,1172.98
20/07/2023,1172.81
21/07/2023,1185.9
24/07/2023,1190.72
25/07/2023,1195.9
26/07/2023,1200.84
27/07/2023,1197.33
28/07/2023,1207.67
31/07/2023,1222.9
01/08/2023,1217.56
02/08/2023,1220.43
03/08/2023,1210.95
04/08/2023,1225.98
07/08/2023,1241.42
08/08/2023,1242.23
09/08/2023,1233.99
10/08/2023,1220.61
11/08/2023,1232.21
14/08/2023,1236.84
15/08/2023,1234.05
16/08/2023,1243.26
17/08/2023,1233.48
18/08/2023,1177.99
21/08/2023,1179.76
22/08/2023,1180.49
23/08/2023,1172.56
24/08/2023,1189.39
25/08/2023,1183.37
28/08/2023,1201.72
29/08/2023,1204.43
30/08/2023,1213.16
31/08/2023,1224.05
05/09/2023,1234.98
06/09/2023,1245.5
07/09/2023,1243.14
08/09/2023,1241.48
11/09/2023,1223.63
12/09/2023,1245.44
13/09/2023,1238.39
14/09/2023,1223.81
15/09/2023,1227.36
18/09/2023,1211.81
19/09/2023,1211.5
20/09/2023,1226.11
21/09/2023,1212.74
22/09/2023,1193.05
25/09/2023,1153.2
26/09/2023,1137.96
27/09/2023,1153.85
28/09/2023,1152.43
29/09/2023,1154.15
02/10/2023,1155.25
03/10/2023,1118.1
04/10/2023,1128.67
05/10/2023,1113.89
06/10/2023,1128.54
09/10/2023,1137.36
10/10/2023,1143.69
11/10/2023,1150.81
12/10/2023,1151.61
13/10/2023,1154.73
16/10/2023,1141.42
17/10/2023,1121.65
18/10/2023,1103.4
19/10/2023,1087.85
20/10/2023,1108.03
23/10/2023,1093.53
24/10/2023,1105.9
25/10/2023,1101.66
26/10/2023,1055.45
27/10/2023,1060.62
30/10/2023,1042.4
31/10/2023,1028.19
01/11/2023,1039.66
02/11/2023,1075.47
03/11/2023,1076.78
06/11/2023,1089.66
07/11/2023,1080.29
08/11/2023,1113.43
09/11/2023,1113.89
10/11/2023,1101.68
13/11/2023,1100.07
14/11/2023,1109.73
15/11/2023,1122.5
16/11/2023,1125.53
17/11/2023,1101.19
20/11/2023,1103.66
21/11/2023,1110.46
22/11/2023,1113.82
23/11/2023,1088.49
24/11/2023,1095.61
27/11/2023,1088.06
28/11/2023,1095.43
29/11/2023,1102.8
30/11/2023,1094.13
01/12/2023,1102.16
04/12/2023,1120.49
05/12/2023,1115.97
06/12/2023,1126.43
07/12/2023,1121.49
08/12/2023,1124.44
11/12/2023,1125.5
12/12/2023,1127.63
13/12/2023,1114.2
14/12/2023,1110.13
15/12/2023,1102.3
18/12/2023,1091.88
19/12/2023,1096.3
20/12/2023,1100.76
21/12/2023,1102.43
22/12/2023,1103.06
25/12/2023,1117.66
26/12/2023,1122.25
27/12/2023,1121.99
28/12/2023,1128.93
29/12/2023,1129.93
02/01/2024,1131.72
03/01/2024,1144.17
04/01/2024,1150.72
05/01/2024,1154.68
08/01/2024,1160.19
09/01/2024,1158.59
10/01/2024,1161.54
11/01/2024,1162.22
12/01/2024,1154.7
15/01/2024,1154.12
16/01/2024,1163.12
17/01/2024,1162.53
18/01/2024,1169.06
19/01/2024,1181.5
22/01/2024,1182.86
23/01/2024,1177.5
24/01/2024,1172.97
25/01/2024,1170.37
26/01/2024,1175.67
29/01/2024,1175.69
30/01/2024,1179.65
31/01/2024,1164.31
01/02/2024,1173.02
02/02/2024,1172.55
05/02/2024,1186.06
06/02/2024,1188.48
07/02/2024,1198.53
15/02/2024,1202.5
16/02/2024,1209.7
19/02/2024,1224.97
20/02/2024,1230.06
21/02/2024,1230.04
22/02/2024,1227.31
23/02/2024,1212
26/02/2024,1224.17
27/02/2024,1237.46
28/02/2024,1254.55
29/02/2024,1252.73
01/03/2024,1258.28
04/03/2024,1261.41
05/03/2024,1269.98
06/03/2024,1262.73
07/03/2024,1268.46
08/03/2024,1247.35
11/03/2024,1235.49
12/03/2024,1245
13/03/2024,1270.51
14/03/2024,1264.26
15/03/2024,1263.78
18/03/2024,1243.56
19/03/2024,1242.46
20/03/2024,1260.08
21/03/2024,1276.42
22/03/2024,1281.8
25/03/2024,1267.86
26/03/2024,1282.21
27/03/2024,1283.09
28/03/2024,1290.18
29/03/2024,1284.09
01/04/2024,1281.52
02/04/2024,1287.04
03/04/2024,1271.47
04/04/2024,1268.25
05/04/2024,1255.11
08/04/2024,1250.35
09/04/2024,1262.82
10/04/2024,1258.56
11/04/2024,1258.2
12/04/2024,1276.6
15/04/2024,1216.61
16/04/2024,1215.68
17/04/2024,1193.01
19/04/2024,1174.85
22/04/2024,1190.22
23/04/2024,1177.4
24/04/2024,1205.61
25/04/2024,1204.97
26/04/2024,1209.52
02/05/2024,1216.36
03/05/2024,1221.03
06/05/2024,1241.58
07/05/2024,1248.63
08/05/2024,1250.46
09/05/2024,1248.64
10/05/2024,1244.7
13/05/2024,1240.18
14/05/2024,1243.28
15/05/2024,1254.39
16/05/2024,1268.78
17/05/2024,1273.11
20/05/2024,1277.58
21/05/2024,1277.14
22/05/2024,1266.91
23/05/2024,1281.03
24/05/2024,1261.93
27/05/2024,1267.68
28/05/2024,1281.73
29/05/2024,1272.64
30/05/2024,1266.32
31/05/2024,1261.72
03/06/2024,1280
04/06/2024,1283.52
05/06/2024,1284.35
06/06/2024,1283.56
07/06/2024,1287.58
10/06/2024,1290.67
11/06/2024,1284.41
12/06/2024,1300.19
13/06/2024,1301.51
14/06/2024,1279.91
17/06/2024,1274.77
18/06/2024,1279.5
19/06/2024,1279.79
20/06/2024,1282.3
21/06/2024,1282.02
24/06/2024,1254.12
25/06/2024,1256.56
26/06/2024,1261.24
27/06/2024,1259.09
28/06/2024,1245.32
01/07/2024,1254.56
02/07/2024,1269.79
03/07/2024,1276.85
04/07/2024,1279.89
05/07/2024,1283.04
08/07/2024,1283.56
09/07/2024,1293.71
10/07/2024,1285.94
11/07/2024,1283.8
12/07/2024,1280.75
15/07/2024,1279.82
16/07/2024,1281.18
17/07/2024,1268.66
18/07/2024,1274.44
19/07/2024,1264.78
22/07/2024,1254.64
23/07/2024,1231.81
24/07/2024,1238.47
25/07/2024,1233.19
26/07/2024,1242.11
29/07/2024,1246.6
30/07/2024,1245.06
31/07/2024,1251.51
01/08/2024,1226.96
02/08/2024,1236.6
05/08/2024,1188.07
06/08/2024,1210.28
07/08/2024,1215.88
08/08/2024,1208.32
09/08/2024,1223.64
12/08/2024,1230.28
13/08/2024,1230.42
14/08/2024,1230.36
15/08/2024,1223.56
16/08/2024,1252.23
19/08/2024,1261.62
20/08/2024,1272.55
21/08/2024,1284.05
22/08/2024,1282.78
23/08/2024,1285.32
26/08/2024,1280.02
27/08/2024,1280.56
28/08/2024,1281.44
29/08/2024,1281.47
30/08/2024,1283.87
04/09/2024,1275.8
05/09/2024,1268.21
06/09/2024,1273.96
09/09/2024,1267.73
10/09/2024,1255.23
11/09/2024,1253.27
12/09/2024,1256.35
13/09/2024,1251.71
16/09/2024,1239.26
17/09/2024,1258.95
18/09/2024,1264.9
19/09/2024,1271.27
20/09/2024,1272.04
23/09/2024,1268.48
24/09/2024,1276.99
25/09/2024,1287.48
26/09/2024,1291.49
27/09/2024,1290.92
30/09/2024,1287.94
01/10/2024,1292.2
02/10/2024,1287.84
03/10/2024,1278.1
04/10/2024,1270.6
07/10/2024,1269.93
08/10/2024,1271.98
09/10/2024,1281.85
10/10/2024,1286.36
11/10/2024,1288.39
14/10/2024,1286.34
15/10/2024,1281.08
16/10/2024,1279.48
17/10/2024,1286.52
18/10/2024,1285.46
21/10/2024,1279.77
22/10/2024,1269.89
23/10/2024,1270.9
24/10/2024,1257.41
25/10/2024,1252.72
28/10/2024,1254.77
29/10/2024,1261.78
30/10/2024,1258.63
31/10/2024,1264.48
01/11/2024,1254.89
04/11/2024,1244.71
05/11/2024,1245.76
06/11/2024,1261.28
07/11/2024,1259.75
08/11/2024,1252.56
11/11/2024,1250.32
12/11/2024,1244.82
13/11/2024,1246.04
14/11/2024,1231.89
15/11/2024,1218.57
18/11/2024,1217.12
19/11/2024,1205.15
20/11/2024,1216.54
21/11/2024,1228.33
22/11/2024,1228.1
25/11/2024,1234.7
26/11/2024,1242.13
27/11/2024,1241.97
28/11/2024,1242.11
29/11/2024,1250.46
02/12/2024,1251.21
03/12/2024,1249.83
04/12/2024,1240.41
05/12/2024,1267.53
06/12/2024,1270.14
09/12/2024,1273.84
10/12/2024,1272.07
11/12/2024,1268.86
12/12/2024,1267.35
13/12/2024,1262.57
16/12/2024,1263.79
17/12/2024,1261.72
18/12/2024,1266
19/12/2024,1254.67
20/12/2024,1257.5
23/12/2024,1262.76
24/12/2024,1260.36
25/12/2024,1274.04
26/12/2024,1272.87
27/12/2024,1275.14
30/12/2024,1272.02
31/12/2024,1266.78
02/01/2025,1269.71
03/01/2025,1254.59
06/01/2025,1246.35
07/01/2025,1246.95
08/01/2025,1251.02
09/01/2025,1245.77
10/01/2025,1230.48
13/01/2025,1235.65
14/01/2025,1229.07
15/01/2025,1236.18
16/01/2025,1242.36
17/01/2025,1249.11
20/01/2025,1249.55
21/01/2025,1246.09
22/01/2025,1242.53
23/01/2025,1259.63
24/01/2025,1265.05
03/02/2025,1253.03
04/02/2025,1264.68
05/02/2025,1269.61
06/02/2025,1271.48
07/02/2025,1275.2
10/02/2025,1263.26
11/02/2025,1268.45
12/02/2025,1266.91
13/02/2025,1270.35
14/02/2025,1276.08
17/02/2025,1272.72
18/02/2025,1278.14
19/02/2025,1288.56
20/02/2025,1292.98
21/02/2025,1296.75
24/02/2025,1304.56
25/02/2025,1303.16
26/02/2025,1302.96
27/02/2025,1307.8
28/02/2025,1305.36
03/03/2025,1309.37
04/03/2025,1311.91
05/03/2025,1304.71
06/03/2025,1318.22
07/03/2025,1326.05
10/03/2025,1330.28
11/03/2025,1332.54
12/03/2025,1334.41
13/03/2025,1326.27
14/03/2025,1326.15
17/03/2025,1336.26
18/03/2025,1330.97
19/03/2025,1324.63
20/03/2025,1323.93
21/03/2025,1321.88
24/03/2025,1330.32
25/03/2025,1331.92
26/03/2025,1326.09
27/03/2025,1323.81
28/03/2025,1317.46
31/03/2025,1306.86
01/04/2025,1317.33
02/04/2025,1317.83
03/04/2025,1229.84
04/04/2025,1210.67
08/04/2025,1132.79
09/04/2025,1094.3
10/04/2025,1168.34
11/04/2025,1222.46
14/04/2025,1241.44
15/04/2025,1227.79
16/04/2025,1210.3
17/04/2025,1217.25
18/04/2025,1219.12
21/04/2025,1207.07
22/04/2025,1197.13
23/04/2025,1211
24/04/2025,1223.35
25/04/2025,1229.23
28/04/2025,1226.8
29/04/2025,1226.3
05/05/2025,1240.05
06/05/2025,1241.95
07/05/2025,1250.37
08/05/2025,1269.8
09/05/2025,1267.3
12/05/2025,1283.26
13/05/2025,1293.43
