'Date', 'Value'
13/05/2025,1293.43
12/5/2025,1283.26
9/5/2025,1267.30
8/5/2025,1269.80
7/5/2025,1250.37
6/5/2025,1241.95
5/5/2025,1240.05
29/04/2025,1226.30
28/04/2025,1226.80
25/04/2025,1229.23
24/04/2025,1223.35
23/04/2025,1211.00
22/04/2025,1197.13
21/04/2025,1207.07
18/04/2025,1219.12
17/04/2025,1217.25
16/04/2025,1210.30
15/04/2025,1227.79
14/04/2025,1241.44
11/4/2025,1222.46
10/4/2025,1168.34
9/4/2025,1094.30
8/4/2025,1132.79
4/4/2025,1210.67
3/4/2025,1229.84
2/4/2025,1317.83
1/4/2025,1317.33
31/03/2025,1306.86
28/03/2025,1317.46
27/03/2025,1323.81
26/03/2025,1326.09
25/03/2025,1331.92
24/03/2025,1330.32
21/03/2025,1321.88
20/03/2025,1323.93
19/03/2025,1324.63
18/03/2025,1330.97
17/03/2025,1336.26
14/03/2025,1326.15
13/03/2025,1326.27
12/3/2025,1334.41
11/3/2025,1332.54
10/3/2025,1330.28
7/3/2025,1326.05
6/3/2025,1318.22
5/3/2025,1304.71
4/3/2025,1311.91
3/3/2025,1309.37
28/02/2025,1305.36
27/02/2025,1307.80
26/02/2025,1302.96
25/02/2025,1303.16
24/02/2025,1304.56
21/02/2025,1296.75
20/02/2025,1292.98
19/02/2025,1288.56
18/02/2025,1278.14
17/02/2025,1272.72
14/02/2025,1276.08
13/02/2025,1270.35
12/2/2025,1266.91
11/2/2025,1268.45
10/2/2025,1263.26
7/2/2025,1275.20
6/2/2025,1271.48
5/2/2025,1269.61
4/2/2025,1264.68
3/2/2025,1253.03
24/01/2025,1265.05
23/01/2025,1259.63
22/01/2025,1242.53
21/01/2025,1246.09
20/01/2025,1249.55
17/01/2025,1249.11
16/01/2025,1242.36
15/01/2025,1236.18
14/01/2025,1229.07
13/01/2025,1235.65
10/1/2025,1230.48
9/1/2025,1245.77
8/1/2025,1251.02
7/1/2025,1246.95
6/1/2025,1246.35
3/1/2025,1254.59
2/1/2025,1269.71
31/12/2024,1266.78
30/12/2024,1272.02
27/12/2024,1275.14
26/12/2024,1272.87
25/12/2024,1274.04
24/12/2024,1260.36
23/12/2024,1262.76
20/12/2024,1257.50
19/12/2024,1254.67
18/12/2024,1266.00
17/12/2024,1261.72
16/12/2024,1263.79
13/12/2024,1262.57
12/12/2024,1267.35
11/12/2024,1268.86
10/12/2024,1272.07
9/12/2024,1273.84
6/12/2024,1270.14
5/12/2024,1267.53
4/12/2024,1240.41
3/12/2024,1249.83
2/12/2024,1251.21
29/11/2024,1250.46
28/11/2024,1242.11
27/11/2024,1241.97
26/11/2024,1242.13
25/11/2024,1234.70
22/11/2024,1228.10
21/11/2024,1228.33
20/11/2024,1216.54
19/11/2024,1205.15
18/11/2024,1217.12
15/11/2024,1218.57
14/11/2024,1231.89
13/11/2024,1246.04
12/11/2024,1244.82
11/11/2024,1250.32
8/11/2024,1252.56
7/11/2024,1259.75
6/11/2024,1261.28
5/11/2024,1245.76
4/11/2024,1244.71
1/11/2024,1254.89
31/10/2024,1264.48
30/10/2024,1258.63
29/10/2024,1261.78
28/10/2024,1254.77
25/10/2024,1252.72
24/10/2024,1257.41
23/10/2024,1270.90
22/10/2024,1269.89
21/10/2024,1279.77
18/10/2024,1285.46
17/10/2024,1286.52
16/10/2024,1279.48
15/10/2024,1281.08
14/10/2024,1286.34
11/10/2024,1288.39
10/10/2024,1286.36
9/10/2024,1281.85
8/10/2024,1271.98
7/10/2024,1269.93
4/10/2024,1270.60
3/10/2024,1278.10
2/10/2024,1287.84
1/10/2024,1292.20
30/09/2024,1287.94
27/09/2024,1290.92
26/09/2024,1291.49
25/09/2024,1287.48
24/09/2024,1276.99
23/09/2024,1268.48
20/09/2024,1272.04
19/09/2024,1271.27
18/09/2024,1264.90
17/09/2024,1258.95
16/09/2024,1239.26
13/09/2024,1251.71
12/9/2024,1256.35
11/9/2024,1253.27
10/9/2024,1255.23
9/9/2024,1267.73
6/9/2024,1273.96
5/9/2024,1268.21
4/9/2024,1275.80
30/08/2024,1283.87
29/08/2024,1281.47
28/08/2024,1281.44
27/08/2024,1280.56
26/08/2024,1280.02
23/08/2024,1285.32
22/08/2024,1282.78
21/08/2024,1284.05
20/08/2024,1272.55
19/08/2024,1261.62
16/08/2024,1252.23
15/08/2024,1223.56
14/08/2024,1230.36
13/08/2024,1230.42
12/8/2024,1230.28
9/8/2024,1223.64
8/8/2024,1208.32
7/8/2024,1215.88
6/8/2024,1210.28
5/8/2024,1188.07
2/8/2024,1236.60
1/8/2024,1226.96
31/07/2024,1251.51
30/07/2024,1245.06
29/07/2024,1246.60
26/07/2024,1242.11
25/07/2024,1233.19
24/07/2024,1238.47
23/07/2024,1231.81
22/07/2024,1254.64
19/07/2024,1264.78
18/07/2024,1274.44
17/07/2024,1268.66
16/07/2024,1281.18
15/07/2024,1279.82
12/7/2024,1280.75
11/7/2024,1283.80
10/7/2024,1285.94
9/7/2024,1293.71
8/7/2024,1283.56
5/7/2024,1283.04
4/7/2024,1279.89
3/7/2024,1276.85
2/7/2024,1269.79
1/7/2024,1254.56
28/06/2024,1245.32
27/06/2024,1259.09
26/06/2024,1261.24
25/06/2024,1256.56
24/06/2024,1254.12
21/06/2024,1282.02
20/06/2024,1282.30
19/06/2024,1279.79
18/06/2024,1279.50
17/06/2024,1274.77
14/06/2024,1279.91
13/06/2024,1301.51
12/6/2024,1300.19
11/6/2024,1284.41
10/6/2024,1290.67
7/6/2024,1287.58
6/6/2024,1283.56
5/6/2024,1284.35
4/6/2024,1283.52
3/6/2024,1280.00
31/05/2024,1261.72
30/05/2024,1266.32
29/05/2024,1272.64
28/05/2024,1281.73
27/05/2024,1267.68
24/05/2024,1261.93
23/05/2024,1281.03
22/05/2024,1266.91
21/05/2024,1277.14
20/05/2024,1277.58
17/05/2024,1273.11
16/05/2024,1268.78
15/05/2024,1254.39
14/05/2024,1243.28
13/05/2024,1240.18
10/5/2024,1244.70
9/5/2024,1248.64
8/5/2024,1250.46
7/5/2024,1248.63
6/5/2024,1241.58
3/5/2024,1221.03
2/5/2024,1216.36
26/04/2024,1209.52
25/04/2024,1204.97
24/04/2024,1205.61
23/04/2024,1177.40
22/04/2024,1190.22
19/04/2024,1174.85
17/04/2024,1193.01
16/04/2024,1215.68
15/04/2024,1216.61
12/4/2024,1276.60
11/4/2024,1258.20
10/4/2024,1258.56
9/4/2024,1262.82
8/4/2024,1250.35
5/4/2024,1255.11
4/4/2024,1268.25
3/4/2024,1271.47
2/4/2024,1287.04
1/4/2024,1281.52
29/03/2024,1284.09
28/03/2024,1290.18
27/03/2024,1283.09
26/03/2024,1282.21
25/03/2024,1267.86
22/03/2024,1281.80
21/03/2024,1276.42
20/03/2024,1260.08
19/03/2024,1242.46
18/03/2024,1243.56
15/03/2024,1263.78
14/03/2024,1264.26
13/03/2024,1270.51
12/3/2024,1245.00
11/3/2024,1235.49
8/3/2024,1247.35
7/3/2024,1268.46
6/3/2024,1262.73
5/3/2024,1269.98
4/3/2024,1261.41
1/3/2024,1258.28
29/02/2024,1252.73
28/02/2024,1254.55
27/02/2024,1237.46
26/02/2024,1224.17
23/02/2024,1212.00
22/02/2024,1227.31
21/02/2024,1230.04
20/02/2024,1230.06
19/02/2024,1224.97
16/02/2024,1209.70
15/02/2024,1202.50
7/2/2024,1198.53
6/2/2024,1188.48
5/2/2024,1186.06
2/2/2024,1172.55
1/2/2024,1173.02
31/01/2024,1164.31
30/01/2024,1179.65
29/01/2024,1175.69
26/01/2024,1175.67
25/01/2024,1170.37
24/01/2024,1172.97
23/01/2024,1177.50
22/01/2024,1182.86
19/01/2024,1181.50
18/01/2024,1169.06
17/01/2024,1162.53
16/01/2024,1163.12
15/01/2024,1154.12
12/1/2024,1154.70
11/1/2024,1162.22
10/1/2024,1161.54
9/1/2024,1158.59
8/1/2024,1160.19
5/1/2024,1154.68
4/1/2024,1150.72
3/1/2024,1144.17
2/1/2024,1131.72
29/12/2023,1129.93
28/12/2023,1128.93
27/12/2023,1121.99
26/12/2023,1122.25
25/12/2023,1117.66
22/12/2023,1103.06
21/12/2023,1102.43
20/12/2023,1100.76
19/12/2023,1096.30
18/12/2023,1091.88
15/12/2023,1102.30
14/12/2023,1110.13
13/12/2023,1114.20
12/12/2023,1127.63
11/12/2023,1125.50
8/12/2023,1124.44
7/12/2023,1121.49
6/12/2023,1126.43
5/12/2023,1115.97
4/12/2023,1120.49
1/12/2023,1102.16
30/11/2023,1094.13
29/11/2023,1102.80
28/11/2023,1095.43
27/11/2023,1088.06
24/11/2023,1095.61
23/11/2023,1088.49
22/11/2023,1113.82
21/11/2023,1110.46
20/11/2023,1103.66
17/11/2023,1101.19
16/11/2023,1125.53
15/11/2023,1122.50
14/11/2023,1109.73
13/11/2023,1100.07
10/11/2023,1101.68
9/11/2023,1113.89
8/11/2023,1113.43
7/11/2023,1080.29
6/11/2023,1089.66
3/11/2023,1076.78
2/11/2023,1075.47
1/11/2023,1039.66
31/10/2023,1028.19
30/10/2023,1042.40
27/10/2023,1060.62
26/10/2023,1055.45
25/10/2023,1101.66
24/10/2023,1105.90
23/10/2023,1093.53
20/10/2023,1108.03
19/10/2023,1087.85
18/10/2023,1103.40
17/10/2023,1121.65
16/10/2023,1141.42
13/10/2023,1154.73
12/10/2023,1151.61
11/10/2023,1150.81
10/10/2023,1143.69
9/10/2023,1137.36
6/10/2023,1128.54
5/10/2023,1113.89
4/10/2023,1128.67
3/10/2023,1118.10
2/10/2023,1155.25
29/09/2023,1154.15
28/09/2023,1152.43
27/09/2023,1153.85
26/09/2023,1137.96
25/09/2023,1153.20
22/09/2023,1193.05
21/09/2023,1212.74
20/09/2023,1226.11
19/09/2023,1211.50
18/09/2023,1211.81
15/09/2023,1227.36
14/09/2023,1223.81
13/09/2023,1238.39
12/9/2023,1245.44
11/9/2023,1223.63
8/9/2023,1241.48
7/9/2023,1243.14
6/9/2023,1245.50
5/9/2023,1234.98
31/08/2023,1224.05
30/08/2023,1213.16
29/08/2023,1204.43
28/08/2023,1201.72
25/08/2023,1183.37
24/08/2023,1189.39
23/08/2023,1172.56
22/08/2023,1180.49
21/08/2023,1179.76
18/08/2023,1177.99
17/08/2023,1233.48
16/08/2023,1243.26
15/08/2023,1234.05
14/08/2023,1236.84
11/8/2023,1232.21
10/8/2023,1220.61
9/8/2023,1233.99
8/8/2023,1242.23
7/8/2023,1241.42
4/8/2023,1225.98
3/8/2023,1210.95
2/8/2023,1220.43
1/8/2023,1217.56
31/07/2023,1222.90
28/07/2023,1207.67
27/07/2023,1197.33
26/07/2023,1200.84
25/07/2023,1195.90
24/07/2023,1190.72
21/07/2023,1185.90
20/07/2023,1172.81
19/07/2023,1172.98
18/07/2023,1174.09
17/07/2023,1173.13
14/07/2023,1168.40
13/07/2023,1165.42
12/7/2023,1154.20
11/7/2023,1151.77
10/7/2023,1149.02
7/7/2023,1138.07
6/7/2023,1126.22
5/7/2023,1134.62
4/7/2023,1132.00
3/7/2023,1125.50
30/06/2023,1120.18
29/06/2023,1125.39
28/06/2023,1138.35
27/06/2023,1134.33
26/06/2023,1132.03
23/06/2023,1129.38
22/06/2023,1125.30
21/06/2023,1118.46
20/06/2023,1111.72
19/06/2023,1105.40
16/06/2023,1115.22
15/06/2023,1116.97
14/06/2023,1117.42
13/06/2023,1122.46
12/6/2023,1116.02
9/6/2023,1107.53
8/6/2023,1101.32
7/6/2023,1109.54
6/6/2023,1108.31
5/6/2023,1097.82
2/6/2023,1090.84
1/6/2023,1078.39
31/05/2023,1075.17
30/05/2023,1078.05
29/05/2023,1074.98
26/05/2023,1063.76
25/05/2023,1064.63
24/05/2023,1061.79
23/05/2023,1065.85
22/05/2023,1070.64
19/05/2023,1067.07
18/05/2023,1068.31
17/05/2023,1060.44
16/05/2023,1065.91
15/05/2023,1065.71
12/5/2023,1066.90
11/5/2023,1057.12
10/5/2023,1058.26
9/5/2023,1053.77
8/5/2023,1053.44
5/5/2023,1040.31
4/5/2023,1040.61
28/04/2023,1049.12
27/04/2023,1039.63
26/04/2023,1040.80
25/04/2023,1034.85
24/04/2023,1041.36
21/04/2023,1042.91
20/04/2023,1049.25
19/04/2023,1048.98
18/04/2023,1055.02
17/04/2023,1053.81
14/04/2023,1052.89
13/04/2023,1064.30
12/4/2023,1069.45
11/4/2023,1069.46
10/4/2023,1065.35
7/4/2023,1069.71
6/4/2023,1070.91
5/4/2023,1080.86
4/4/2023,1078.45
3/4/2023,1079.28
31/03/2023,1064.64
30/03/2023,1059.44
29/03/2023,1056.33
28/03/2023,1054.29
27/03/2023,1052.25
24/03/2023,1046.79
23/03/2023,1045.10
22/03/2023,1040.54
21/03/2023,1032.43
20/03/2023,1023.10
17/03/2023,1045.14
16/03/2023,1047.40
15/03/2023,1062.19
14/03/2023,1040.13
13/03/2023,1052.80
10/3/2023,1053.00
9/3/2023,1055.95
8/3/2023,1049.18
7/3/2023,1037.84
6/3/2023,1027.18
3/3/2023,1024.77
2/3/2023,1037.61
1/3/2023,1040.55
28/02/2023,1024.68
27/02/2023,1021.25
24/02/2023,1039.56
23/02/2023,1053.66
22/02/2023,1054.28
21/02/2023,1082.23
20/02/2023,1086.69
17/02/2023,1059.31
16/02/2023,1058.29
15/02/2023,1048.20
14/02/2023,1038.64
13/02/2023,1043.70
10/2/2023,1055.30
9/2/2023,1064.03
8/2/2023,1072.22
7/2/2023,1065.84
6/2/2023,1089.29
3/2/2023,1077.15
2/2/2023,1077.59
1/2/2023,1075.97
31/01/2023,1111.18
30/01/2023,1102.57
27/01/2023,1117.10
19/01/2023,1108.08
18/01/2023,1098.28
17/01/2023,1088.29
16/01/2023,1066.68
13/01/2023,1060.17
12/1/2023,1056.39
11/1/2023,1055.76
10/1/2023,1053.35
9/1/2023,1054.21
6/1/2023,1051.44
5/1/2023,1055.82
4/1/2023,1046.35
3/1/2023,1043.90
30/12/2022,1007.09
29/12/2022,1009.29
28/12/2022,1015.66
27/12/2022,1004.57
26/12/2022,985.21
23/12/2022,1020.34
22/12/2022,1022.61
21/12/2022,1018.88
20/12/2022,1023.13
19/12/2022,1038.40
16/12/2022,1052.48
15/12/2022,1055.32
14/12/2022,1050.43
13/12/2022,1047.45
12/12/2022,1032.07
9/12/2022,1051.81
8/12/2022,1050.53
7/12/2022,1041.02
6/12/2022,1048.69
5/12/2022,1093.67
2/12/2022,1080.01
1/12/2022,1036.28
30/11/2022,1048.42
29/11/2022,1032.16
28/11/2022,1005.69
25/11/2022,971.46
24/11/2022,947.71
23/11/2022,946.00
22/11/2022,952.12
21/11/2022,960.65
18/11/2022,969.33
17/11/2022,969.26
16/11/2022,942.90
15/11/2022,911.90
14/11/2022,941.04
11/11/2022,954.53
10/11/2022,947.24
9/11/2022,985.59
8/11/2022,981.65
7/11/2022,975.19
4/11/2022,997.15
3/11/2022,1019.81
2/11/2022,1023.19
1/11/2022,1033.75
31/10/2022,1027.94
28/10/2022,1027.36
27/10/2022,1028.01
26/10/2022,993.36
25/10/2022,997.70
24/10/2022,986.15
21/10/2022,1019.82
20/10/2022,1058.45
19/10/2022,1060.07
18/10/2022,1063.66
17/10/2022,1051.58
14/10/2022,1061.85
13/10/2022,1050.99
12/10/2022,1034.81
11/10/2022,1006.20
10/10/2022,1042.48
7/10/2022,1035.91
6/10/2022,1074.52
5/10/2022,1104.26
4/10/2022,1078.14
3/10/2022,1086.44
30/09/2022,1132.11
29/09/2022,1126.07
28/09/2022,1143.62
27/09/2022,1166.54
26/09/2022,1174.35
23/09/2022,1203.28
22/09/2022,1214.70
21/09/2022,1210.55
20/09/2022,1218.93
19/09/2022,1205.43
16/09/2022,1234.03
15/09/2022,1245.66
14/09/2022,1240.77
13/09/2022,1248.40
12/9/2022,1249.62
9/9/2022,1248.78
8/9/2022,1234.60
7/9/2022,1243.17
6/9/2022,1277.40
5/9/2022,1277.35
31/08/2022,1280.51
30/08/2022,1279.39
29/08/2022,1270.80
26/08/2022,1282.57
25/08/2022,1288.88
24/08/2022,1277.16
23/08/2022,1270.81
22/08/2022,1260.43
19/08/2022,1269.18
18/08/2022,1273.66
17/08/2022,1275.28
16/08/2022,1274.69
15/08/2022,1274.20
12/8/2022,1262.33
11/8/2022,1252.07
10/8/2022,1256.50
9/8/2022,1258.85
8/8/2022,1256.75
5/8/2022,1252.74
4/8/2022,1254.15
3/8/2022,1249.76
2/8/2022,1241.62
1/8/2022,1231.35
29/07/2022,1206.33
28/07/2022,1208.12
27/07/2022,1191.04
26/07/2022,1185.07
25/07/2022,1188.50
22/07/2022,1194.76
21/07/2022,1198.47
20/07/2022,1194.14
19/07/2022,1178.33
18/07/2022,1176.49
15/07/2022,1179.25
14/07/2022,1182.17
13/07/2022,1173.92
12/7/2022,1174.82
11/7/2022,1155.29
8/7/2022,1171.31
7/7/2022,1166.48
6/7/2022,1149.61
5/7/2022,1181.29
4/7/2022,1195.53
1/7/2022,1198.90
30/06/2022,1197.60
29/06/2022,1218.09
28/06/2022,1218.10
27/06/2022,1202.82
24/06/2022,1185.48
23/06/2022,1188.88
22/06/2022,1169.27
21/06/2022,1172.47
20/06/2022,1180.40
17/06/2022,1217.30
16/06/2022,1236.63
15/06/2022,1213.93
14/06/2022,1230.31
13/06/2022,1227.04
10/6/2022,1284.08
9/6/2022,1307.80
8/6/2022,1307.91
7/6/2022,1291.35
6/6/2022,1290.01
3/6/2022,1287.98
2/6/2022,1288.62
1/6/2022,1299.52
31/05/2022,1292.68
30/05/2022,1293.92
27/05/2022,1285.45
26/05/2022,1268.57
25/05/2022,1268.43
24/05/2022,1233.38
23/05/2022,1218.81
20/05/2022,1240.71
19/05/2022,1241.64
18/05/2022,1240.76
17/05/2022,1228.37
16/05/2022,1171.95
13/05/2022,1182.77
12/5/2022,1238.84
11/5/2022,1301.53
10/5/2022,1293.56
9/5/2022,1269.62
6/5/2022,1329.26
5/5/2022,1360.68
4/5/2022,1348.68
29/04/2022,1366.80
28/04/2022,1350.99
27/04/2022,1353.77
26/04/2022,1341.34
25/04/2022,1310.92
22/04/2022,1379.23
21/04/2022,1370.21
20/04/2022,1384.72
19/04/2022,1406.45
18/04/2022,1432.60
15/04/2022,1458.56
14/04/2022,1472.12
13/04/2022,1477.20
12/4/2022,1455.25
8/4/2022,1482.00
7/4/2022,1502.35
6/4/2022,1522.90
5/4/2022,1520.03
4/4/2022,1524.70
1/4/2022,1516.44
31/03/2022,1492.15
30/03/2022,1490.51
29/03/2022,1497.76
28/03/2022,1483.18
25/03/2022,1498.50
24/03/2022,1498.26
23/03/2022,1502.34
22/03/2022,1503.78
21/03/2022,1494.95
18/03/2022,1469.10
17/03/2022,1461.34
16/03/2022,1459.33
15/03/2022,1452.74
14/03/2022,1446.25
11/3/2022,1466.54
10/3/2022,1479.08
9/3/2022,1473.74
8/3/2022,1473.71
7/3/2022,1499.05
4/3/2022,1505.33
3/3/2022,1505.00
2/3/2022,1485.52
1/3/2022,1498.78
28/02/2022,1490.13
25/02/2022,1498.89
24/02/2022,1494.85
23/02/2022,1512.30
22/02/2022,1503.47
21/02/2022,1510.84
18/02/2022,1504.84
17/02/2022,1507.99
16/02/2022,1492.10
15/02/2022,1492.75
14/02/2022,1471.96
11/2/2022,1501.71
10/2/2022,1506.79
9/2/2022,1505.38
8/2/2022,1500.99
7/2/2022,1497.66
28/01/2022,1478.96
27/01/2022,1470.76
26/01/2022,1481.58
25/01/2022,1479.58
24/01/2022,1439.71
21/01/2022,1472.89
20/01/2022,1465.30
19/01/2022,1442.79
18/01/2022,1438.94
17/01/2022,1452.84
14/01/2022,1496.02
13/01/2022,1496.05
12/1/2022,1510.51
11/1/2022,1492.31
10/1/2022,1503.71
7/1/2022,1528.48
6/1/2022,1528.57
5/1/2022,1522.50
4/1/2022,1525.58
31/12/2021,1498.28
30/12/2021,1485.97
29/12/2021,1485.82
28/12/2021,1494.39
27/12/2021,1488.88
24/12/2021,1477.03
23/12/2021,1456.96
22/12/2021,1477.67
21/12/2021,1478.74
20/12/2021,1477.33
17/12/2021,1479.79
16/12/2021,1476.61
15/12/2021,1475.50
14/12/2021,1476.02
13/12/2021,1476.21
10/12/2021,1463.54
9/12/2021,1467.98
8/12/2021,1452.87
7/12/2021,1446.77
6/12/2021,1413.58
3/12/2021,1443.32
2/12/2021,1482.05
1/12/2021,1485.19
30/11/2021,1478.44
29/11/2021,1484.84
26/11/2021,1493.03
25/11/2021,1500.81
24/11/2021,1488.87
23/11/2021,1463.63
22/11/2021,1447.25
19/11/2021,1452.35
18/11/2021,1469.83
17/11/2021,1475.85
16/11/2021,1466.45
15/11/2021,1476.57
12/11/2021,1473.37
11/11/2021,1462.35
10/11/2021,1465.02
9/11/2021,1461.50
8/11/2021,1467.57
5/11/2021,1456.51
4/11/2021,1448.34
3/11/2021,1444.30
2/11/2021,1452.46
1/11/2021,1438.97
29/10/2021,1444.27
28/10/2021,1438.01
27/10/2021,1423.02
26/10/2021,1391.63
25/10/2021,1385.40
22/10/2021,1389.24
21/10/2021,1384.77
20/10/2021,1393.80
19/10/2021,1395.33
18/10/2021,1395.53
15/10/2021,1392.70
14/10/2021,1391.85
13/10/2021,1391.91
12/10/2021,1394.80
11/10/2021,1394.09
8/10/2021,1372.73
7/10/2021,1365.99
6/10/2021,1362.82
5/10/2021,1354.63
4/10/2021,1339.54
1/10/2021,1334.89
30/09/2021,1342.06
29/09/2021,1339.21
28/09/2021,1339.31
27/09/2021,1324.99
24/09/2021,1351.17
23/09/2021,1352.76
22/09/2021,1350.68
21/09/2021,1339.84
20/09/2021,1350.48
17/09/2021,1352.64
16/09/2021,1345.87
15/09/2021,1345.83
14/09/2021,1339.70
13/09/2021,1341.43
10/9/2021,1345.31
9/9/2021,1343.98
8/9/2021,1333.61
7/9/2021,1341.90
6/9/2021,1346.39
1/9/2021,1334.65
31/08/2021,1331.47
30/08/2021,1328.14
27/08/2021,1313.20
26/08/2021,1301.12
25/08/2021,1309.55
24/08/2021,1298.74
23/08/2021,1298.86
20/08/2021,1329.43
19/08/2021,1374.85
18/08/2021,1360.94
17/08/2021,1363.09
16/08/2021,1370.96
13/08/2021,1357.05
12/8/2021,1353.05
11/8/2021,1357.79
10/8/2021,1362.43
9/8/2021,1359.86
6/8/2021,1341.45
5/8/2021,1345.55
4/8/2021,1334.74
3/8/2021,1332.44
2/8/2021,1314.22
30/07/2021,1310.05
29/07/2021,1293.60
28/07/2021,1277.07
27/07/2021,1276.93
26/07/2021,1272.71
23/07/2021,1268.83
22/07/2021,1293.67
21/07/2021,1270.79
20/07/2021,1273.29
19/07/2021,1243.51
16/07/2021,1299.31
15/07/2021,1293.92
14/07/2021,1279.91
13/07/2021,1297.54
12/7/2021,1296.30
9/7/2021,1347.14
8/7/2021,1374.68
7/7/2021,1388.55
6/7/2021,1354.79
5/7/2021,1411.13
2/7/2021,1420.27
1/7/2021,1417.08
30/06/2021,1408.55
29/06/2021,1410.04
28/06/2021,1405.81
25/06/2021,1390.12
24/06/2021,1379.72
23/06/2021,1376.87
22/06/2021,1379.97
21/06/2021,1372.63
18/06/2021,1377.77
17/06/2021,1359.92
16/06/2021,1356.52
15/06/2021,1367.36
14/06/2021,1361.72
11/6/2021,1351.74
10/6/2021,1323.58
9/6/2021,1332.90
8/6/2021,1319.88
7/6/2021,1358.78
4/6/2021,1374.05
3/6/2021,1364.28
2/6/2021,1340.78
1/6/2021,1337.78
31/05/2021,1328.05
28/05/2021,1320.46
27/05/2021,1303.57
26/05/2021,1316.70
25/05/2021,1308.58
24/05/2021,1297.98
21/05/2021,1283.93
20/05/2021,1278.22
19/05/2021,1262.49
18/05/2021,1252.68
17/05/2021,1258.70
14/05/2021,1266.36
13/05/2021,1261.99
12/5/2021,1269.09
11/5/2021,1256.04
10/5/2021,1259.58
7/5/2021,1241.81
6/5/2021,1250.57
5/5/2021,1256.43
4/5/2021,1242.20
29/04/2021,1239.39
28/04/2021,1229.55
27/04/2021,1219.75
26/04/2021,1215.77
23/04/2021,1248.53
22/04/2021,1227.82
20/04/2021,1268.28
19/04/2021,1260.58
16/04/2021,1238.71
15/04/2021,1247.25
14/04/2021,1255.87
13/04/2021,1248.33
12/4/2021,1252.45
9/4/2021,1231.66
8/4/2021,1234.89
7/4/2021,1242.38
6/4/2021,1239.96
5/4/2021,1236.05
2/4/2021,1224.45
1/4/2021,1216.10
31/03/2021,1191.44
30/03/2021,1186.36
29/03/2021,1175.68
26/03/2021,1162.21
25/03/2021,1163.10
24/03/2021,1161.81
23/03/2021,1183.45
22/03/2021,1194.43
19/03/2021,1194.05
18/03/2021,1200.94
17/03/2021,1186.09
16/03/2021,1179.90
15/03/2021,1184.56
12/3/2021,1181.56
11/3/2021,1181.73
10/3/2021,1170.08
9/3/2021,1161.97
8/3/2021,1168.27
5/3/2021,1168.69
4/3/2021,1168.52
3/3/2021,1186.95
2/3/2021,1186.61
1/3/2021,1186.17
26/02/2021,1168.47
25/02/2021,1165.43
24/02/2021,1162.01
23/02/2021,1177.64
22/02/2021,1175.04
19/02/2021,1173.50
18/02/2021,1174.38
17/02/2021,1155.78
9/2/2021,1114.93
8/2/2021,1083.18
5/2/2021,1126.91
4/2/2021,1112.19
3/2/2021,1111.29
2/2/2021,1075.53
1/2/2021,1035.51
29/01/2021,1056.61
28/01/2021,1023.94
27/01/2021,1097.17
26/01/2021,1136.12
25/01/2021,1166.05
22/01/2021,1166.78
21/01/2021,1164.21
20/01/2021,1134.68
19/01/2021,1131.00
18/01/2021,1191.94
15/01/2021,1194.20
14/01/2021,1187.40
13/01/2021,1186.05
12/1/2021,1192.28
11/1/2021,1184.89
8/1/2021,1167.69
7/1/2021,1156.49
6/1/2021,1143.21
5/1/2021,1132.55
4/1/2021,1120.47
31/12/2020,1103.87
30/12/2020,1097.54
29/12/2020,1099.49
28/12/2020,1091.33
25/12/2020,1084.42
24/12/2020,1067.52
23/12/2020,1078.90
22/12/2020,1083.45
21/12/2020,1081.08
18/12/2020,1067.46
17/12/2020,1051.77
16/12/2020,1066.99
15/12/2020,1055.27
14/12/2020,1064.09
11/12/2020,1045.96
10/12/2020,1030.91
9/12/2020,1039.13
8/12/2020,1029.26
7/12/2020,1029.98
4/12/2020,1021.49
3/12/2020,1019.80
2/12/2020,1014.32
1/12/2020,1008.87
30/11/2020,1003.08
27/11/2020,1010.22
26/11/2020,1005.97
25/11/2020,999.94
24/11/2020,995.76
23/11/2020,994.19
20/11/2020,990.00
19/11/2020,983.26
18/11/2020,973.53
17/11/2020,968.90
16/11/2020,950.79
13/11/2020,966.29
12/11/2020,959.28
11/11/2020,952.22
10/11/2020,951.90
9/11/2020,951.99
6/11/2020,938.29
5/11/2020,937.75
4/11/2020,939.76
3/11/2020,935.41
2/11/2020,933.68
30/10/2020,925.47
29/10/2020,919.08
28/10/2020,921.05
27/10/2020,946.47
26/10/2020,950.80
23/10/2020,961.26
22/10/2020,949.90
21/10/2020,939.03
20/10/2020,944.42
19/10/2020,943.69
16/10/2020,943.30
15/10/2020,942.76
14/10/2020,940.18
13/10/2020,929.86
12/10/2020,925.83
9/10/2020,924.00
8/10/2020,918.84
7/10/2020,919.72
6/10/2020,915.67
5/10/2020,914.68
2/10/2020,909.91
1/10/2020,914.09
30/09/2020,905.21
29/09/2020,903.98
28/09/2020,912.50
25/09/2020,908.27
24/09/2020,908.58
23/09/2020,912.50
22/09/2020,906.19
21/09/2020,907.94
18/09/2020,900.95
17/09/2020,894.04
16/09/2020,897.47
15/09/2020,896.26
14/09/2020,894.57
11/9/2020,888.97
10/9/2020,888.82
9/9/2020,889.32
8/9/2020,890.14
7/9/2020,888.25
4/9/2020,901.54
3/9/2020,903.97
1/9/2020,891.73
31/08/2020,881.65
28/08/2020,878.98
27/08/2020,874.71
26/08/2020,873.47
25/08/2020,874.12
24/08/2020,868.68
21/08/2020,854.78
20/08/2020,848.21
19/08/2020,851.21
18/08/2020,846.43
17/08/2020,850.15
14/08/2020,850.74
13/08/2020,855.05
12/8/2020,846.92
11/8/2020,843.08
10/8/2020,843.20
7/8/2020,841.46
6/8/2020,840.04
5/8/2020,837.80
4/8/2020,827.57
3/8/2020,814.65
31/07/2020,798.39
30/07/2020,801.13
29/07/2020,790.84
28/07/2020,813.36
27/07/2020,785.17
24/07/2020,829.16
23/07/2020,856.75
22/07/2020,855.08
21/07/2020,861.69
20/07/2020,861.40
17/07/2020,872.02
16/07/2020,876.83
15/07/2020,869.91
14/07/2020,868.11
13/07/2020,868.72
10/7/2020,871.21
9/7/2020,876.46
8/7/2020,864.50
7/7/2020,863.42
6/7/2020,861.16
3/7/2020,847.61
2/7/2020,842.38
1/7/2020,843.49
30/06/2020,825.11
29/06/2020,829.36
26/06/2020,851.98
25/06/2020,854.59
24/06/2020,859.71
23/06/2020,868.20
22/06/2020,871.28
19/06/2020,868.56
18/06/2020,855.27
17/06/2020,854.44
16/06/2020,856.13
15/06/2020,832.47
12/6/2020,863.52
11/6/2020,867.37
10/6/2020,900.00
9/6/2020,899.43
8/6/2020,899.92
5/6/2020,886.22
4/6/2020,883.90
3/6/2020,881.17
2/6/2020,874.80
1/6/2020,878.67
29/05/2020,864.47
28/05/2020,861.39
27/05/2020,857.48
26/05/2020,869.13
25/05/2020,859.04
22/05/2020,852.74
21/05/2020,862.73
20/05/2020,852.91
19/05/2020,845.92
18/05/2020,837.01
15/05/2020,827.03
14/05/2020,832.40
13/05/2020,834.21
12/5/2020,835.32
11/5/2020,828.33
8/5/2020,813.73
7/5/2020,796.54
6/5/2020,782.59
5/5/2020,764.16
4/5/2020,762.47
29/04/2020,769.11
28/04/2020,767.21
27/04/2020,770.77
24/04/2020,776.66
23/04/2020,773.91
22/04/2020,768.92
21/04/2020,766.84
20/04/2020,794.97
17/04/2020,789.60
16/04/2020,780.70
15/04/2020,777.22
14/04/2020,767.41
13/04/2020,765.79
10/4/2020,757.94
9/4/2020,760.33
8/4/2020,748.02
7/4/2020,746.69
6/4/2020,736.75
3/4/2020,701.80
1/4/2020,680.23
31/03/2020,662.53
30/03/2020,662.26
27/03/2020,696.06
26/03/2020,694.21
25/03/2020,690.25
24/03/2020,659.21
23/03/2020,666.59
20/03/2020,709.73
19/03/2020,725.94
18/03/2020,747.66
17/03/2020,745.78
16/03/2020,747.86
13/03/2020,761.78
12/3/2020,769.25
11/3/2020,811.35
10/3/2020,837.50
9/3/2020,835.49
6/3/2020,891.44
5/3/2020,893.31
4/3/2020,889.37
3/3/2020,890.61
2/3/2020,884.43
28/02/2020,882.19
27/02/2020,898.44
26/02/2020,895.97
25/02/2020,909.67
24/02/2020,903.34
21/02/2020,933.09
20/02/2020,938.13
19/02/2020,928.76
18/02/2020,927.93
17/02/2020,934.77
14/02/2020,937.45
13/02/2020,938.24
12/2/2020,937.68
11/2/2020,934.67
10/2/2020,930.73
7/2/2020,940.75
6/2/2020,938.54
5/2/2020,925.91
4/2/2020,929.09
3/2/2020,928.14
31/01/2020,936.62
30/01/2020,959.58
22/01/2020,991.46
21/01/2020,986.37
20/01/2020,978.63
17/01/2020,978.96
16/01/2020,974.31
15/01/2020,967.56
14/01/2020,967.00
13/01/2020,965.84
10/1/2020,968.54
9/1/2020,960.15
8/1/2020,948.98
7/1/2020,958.88
6/1/2020,955.79
3/1/2020,965.14
2/1/2020,966.67
31/12/2019,960.99
30/12/2019,965.03
27/12/2019,963.51
26/12/2019,958.59
25/12/2019,960.92
24/12/2019,958.88
23/12/2019,959.43
20/12/2019,956.41
19/12/2019,952.26
18/12/2019,951.13
17/12/2019,954.03
16/12/2019,961.47
13/12/2019,966.18
12/12/2019,968.17
11/12/2019,961.78
10/12/2019,960.30
9/12/2019,966.06
6/12/2019,963.56
5/12/2019,963.27
4/12/2019,965.90
3/12/2019,953.43
2/12/2019,959.31
29/11/2019,970.75
28/11/2019,970.39
27/11/2019,978.17
26/11/2019,976.79
25/11/2019,976.35
22/11/2019,977.78
21/11/2019,987.89
20/11/2019,1000.56
19/11/2019,1008.35
18/11/2019,1002.91
15/11/2019,1010.03
14/11/2019,1012.30
13/11/2019,1012.77
12/11/2019,1018.33
11/11/2019,1016.75
8/11/2019,1022.49
7/11/2019,1024.03
6/11/2019,1024.91
5/11/2019,1024.34
4/11/2019,1022.43
1/11/2019,1015.59
31/10/2019,998.82
30/10/2019,1000.89
29/10/2019,995.87
28/10/2019,996.48
25/10/2019,996.57
24/10/2019,993.60
23/10/2019,987.79
22/10/2019,987.19
21/10/2019,983.56
18/10/2019,989.20
17/10/2019,989.82
16/10/2019,994.46
15/10/2019,993.05
14/10/2019,993.57
11/10/2019,991.84
10/10/2019,987.38
9/10/2019,987.83
8/10/2019,988.22
7/10/2019,983.09
4/10/2019,987.59
3/10/2019,989.67
2/10/2019,991.19
1/10/2019,999.59
30/09/2019,996.56
27/09/2019,997.84
26/09/2019,990.75
25/09/2019,987.30
24/09/2019,988.13
23/09/2019,985.75
20/09/2019,990.36
19/09/2019,997.10
18/09/2019,995.15
17/09/2019,996.74
16/09/2019,989.86
13/09/2019,987.22
12/9/2019,976.07
11/9/2019,969.31
10/9/2019,970.26
9/9/2019,974.12
6/9/2019,974.08
5/9/2019,976.79
4/9/2019,977.63
3/9/2019,979.36
30/08/2019,984.06
29/08/2019,978.59
28/08/2019,977.26
27/08/2019,976.79
26/08/2019,982.88
23/08/2019,992.45
22/08/2019,997.26
21/08/2019,994.38
20/08/2019,984.67
19/08/2019,981.03
16/08/2019,980.00
15/08/2019,979.38
14/08/2019,968.91
13/08/2019,966.83
12/8/2019,975.31
9/8/2019,974.34
8/8/2019,975.24
7/8/2019,965.93
6/8/2019,964.61
5/8/2019,973.15
2/8/2019,991.10
1/8/2019,997.39
31/07/2019,991.66
30/07/2019,986.02
29/07/2019,997.94
26/07/2019,993.35
25/07/2019,994.95
24/07/2019,988.41
23/07/2019,989.46
22/07/2019,982.04
19/07/2019,982.34
18/07/2019,976.05
17/07/2019,982.57
16/07/2019,982.11
15/07/2019,972.53
12/7/2019,975.40
11/7/2019,978.63
10/7/2019,973.65
9/7/2019,969.05
8/7/2019,966.35
5/7/2019,975.34
4/7/2019,973.04
3/7/2019,960.39
2/7/2019,961.98
1/7/2019,965.61
28/06/2019,949.94
27/06/2019,943.11
26/06/2019,959.13
25/06/2019,960.13
24/06/2019,962.85
21/06/2019,959.20
20/06/2019,959.18
19/06/2019,949.69
18/06/2019,944.01
17/06/2019,946.95
14/06/2019,953.61
13/06/2019,950.08
12/6/2019,954.17
11/6/2019,962.07
10/6/2019,962.90
7/6/2019,958.28
6/6/2019,948.21
5/6/2019,951.41
4/6/2019,951.16
3/6/2019,946.47
31/05/2019,959.88
30/05/2019,969.34
29/05/2019,971.54
28/05/2019,972.00
27/05/2019,975.14
24/05/2019,970.03
23/05/2019,982.71
22/05/2019,983.78
21/05/2019,986.29
20/05/2019,987.13
17/05/2019,976.48
16/05/2019,975.69
15/05/2019,975.64
14/05/2019,965.34
13/05/2019,958.54
10/5/2019,952.55
9/5/2019,947.01
8/5/2019,951.22
7/5/2019,957.56
6/5/2019,957.97
3/5/2019,974.14
2/5/2019,978.50
26/04/2019,979.64
25/04/2019,974.13
24/04/2019,976.92
23/04/2019,968.00
22/04/2019,965.86
19/04/2019,966.21
18/04/2019,962.30
17/04/2019,972.10
16/04/2019,977.17
12/4/2019,982.90
11/4/2019,985.95
10/4/2019,981.91
9/4/2019,988.48
8/4/2019,997.56
5/4/2019,989.26
4/4/2019,986.91
3/4/2019,984.46
2/4/2019,985.81
1/4/2019,988.53
29/03/2019,980.76
28/03/2019,982.98
27/03/2019,975.91
26/03/2019,969.79
25/03/2019,970.07
22/03/2019,988.71
21/03/2019,981.78
20/03/2019,1002.30
19/03/2019,1006.59
18/03/2019,1011.86
15/03/2019,1004.12
14/03/2019,1008.44
13/03/2019,1005.41
12/3/2019,1001.32
11/3/2019,984.60
8/3/2019,985.25
7/3/2019,994.03
6/3/2019,994.49
5/3/2019,992.45
4/3/2019,993.99
1/3/2019,979.63
28/02/2019,965.47
27/02/2019,990.27
26/02/2019,987.06
25/02/2019,994.43
22/02/2019,988.91
21/02/2019,987.57
20/02/2019,970.58
19/02/2019,964.35
18/02/2019,961.30
15/02/2019,950.89
14/02/2019,952.34
13/02/2019,945.25
12/2/2019,937.54
11/2/2019,926.10
1/2/2019,908.67
31/01/2019,910.65
30/01/2019,915.84
29/01/2019,915.93
28/01/2019,912.18
25/01/2019,908.88
24/01/2019,908.79
23/01/2019,908.18
22/01/2019,906.55
21/01/2019,911.05
18/01/2019,902.30
17/01/2019,901.89
16/01/2019,908.70
15/01/2019,909.68
14/01/2019,901.80
11/1/2019,902.71
10/1/2019,898.30
9/1/2019,896.99
8/1/2019,887.44
7/1/2019,889.64
4/1/2019,880.90
3/1/2019,878.22
2/1/2019,891.75
28/12/2018,892.54
27/12/2018,900.81
26/12/2018,891.75
25/12/2018,897.94
24/12/2018,908.56
21/12/2018,912.26
20/12/2018,918.24
19/12/2018,919.24
18/12/2018,927.25
17/12/2018,933.65
14/12/2018,952.04
13/12/2018,960.25
12/12/2018,961.28
11/12/2018,954.58
10/12/2018,955.89
7/12/2018,958.59
6/12/2018,954.82
5/12/2018,957.14
4/12/2018,958.84
3/12/2018,951.59
30/11/2018,926.54
29/11/2018,926.79
28/11/2018,930.20
27/11/2018,923.12
26/11/2018,921.03
23/11/2018,917.97
22/11/2018,924.42
21/11/2018,922.56
20/11/2018,919.02
19/11/2018,916.06
16/11/2018,898.19
15/11/2018,897.15
14/11/2018,900.93
13/11/2018,905.38
12/11/2018,918.12
9/11/2018,914.29
8/11/2018,926.28
7/11/2018,922.16
6/11/2018,922.05
5/11/2018,925.53
2/11/2018,924.86
1/11/2018,907.96
31/10/2018,914.76
30/10/2018,888.69
29/10/2018,888.82
26/10/2018,900.82
25/10/2018,910.17
24/10/2018,922.73
23/10/2018,939.68
22/10/2018,953.51
19/10/2018,958.36
18/10/2018,963.47
17/10/2018,971.60
16/10/2018,963.37
15/10/2018,951.64
12/10/2018,970.08
11/10/2018,945.89
10/10/2018,993.96
9/10/2018,996.19
8/10/2018,996.12
5/10/2018,1008.39
4/10/2018,1023.62
3/10/2018,1020.40
2/10/2018,1018.79
1/10/2018,1012.88
28/09/2018,1017.13
27/09/2018,1015.37
26/09/2018,1009.61
25/09/2018,1010.74
24/09/2018,1011.29
21/09/2018,1002.97
20/09/2018,1004.74
19/09/2018,995.54
18/09/2018,993.49
17/09/2018,987.61
14/09/2018,991.34
13/09/2018,987.95
12/9/2018,987.01
11/9/2018,985.06
10/9/2018,970.34
7/9/2018,968.90
6/9/2018,958.19
5/9/2018,968.44
4/9/2018,975.94
31/08/2018,989.54
30/08/2018,998.07
29/08/2018,988.17
28/08/2018,995.19
27/08/2018,991.92
24/08/2018,987.05
23/08/2018,987.36
22/08/2018,982.15
21/08/2018,979.21
20/08/2018,969.62
17/08/2018,968.88
16/08/2018,964.28
15/08/2018,961.37
14/08/2018,978.27
13/08/2018,978.04
10/8/2018,968.47
9/8/2018,963.50
8/8/2018,966.27
7/8/2018,956.79
6/8/2018,960.23
3/8/2018,959.60
2/8/2018,953.55
1/8/2018,952.77
31/07/2018,956.39
30/07/2018,949.73
27/07/2018,935.52
26/07/2018,930.16
25/07/2018,927.58
24/07/2018,934.08
23/07/2018,936.74
20/07/2018,933.39
19/07/2018,943.97
18/07/2018,942.39
17/07/2018,921.27
16/07/2018,911.11
13/07/2018,909.72
12/7/2018,898.51
11/7/2018,893.16
10/7/2018,911.12
9/7/2018,915.12
6/7/2018,917.51
5/7/2018,899.40
4/7/2018,914.99
3/7/2018,906.01
2/7/2018,947.15
29/06/2018,960.78
28/06/2018,957.35
27/06/2018,968.91
26/06/2018,983.02
25/06/2018,990.52
22/06/2018,983.17
21/06/2018,969.40
20/06/2018,980.95
19/06/2018,962.16
18/06/2018,987.34
15/06/2018,1016.51
14/06/2018,1015.72
13/06/2018,1030.53
12/6/2018,1020.76
11/6/2018,1039.02
8/6/2018,1039.01
7/6/2018,1036.69
6/6/2018,1034.50
5/6/2018,1022.74
4/6/2018,1013.78
1/6/2018,992.87
31/05/2018,971.25
30/05/2018,948.50
29/05/2018,952.18
28/05/2018,931.75
25/05/2018,963.90
24/05/2018,985.92
23/05/2018,988.94
22/05/2018,985.91
21/05/2018,1014.98
18/05/2018,1040.54
17/05/2018,1030.64
16/05/2018,1054.62
15/05/2018,1073.50
14/05/2018,1066.98
11/5/2018,1044.85
10/5/2018,1028.87
9/5/2018,1056.97
8/5/2018,1060.45
7/5/2018,1062.26
4/5/2018,1026.80
3/5/2018,1026.46
2/5/2018,1029.08
27/04/2018,1050.26
26/04/2018,1044.86
24/04/2018,1080.74
23/04/2018,1076.78
20/04/2018,1119.86
19/04/2018,1094.63
18/04/2018,1138.53
17/04/2018,1153.28
16/04/2018,1148.49
13/04/2018,1157.14
12/4/2018,1173.02
11/4/2018,1167.11
10/4/2018,1198.12
9/4/2018,1204.33
6/4/2018,1199.96
5/4/2018,1193.17
4/4/2018,1191.54
3/4/2018,1188.29
2/4/2018,1196.61
30/03/2018,1174.46
29/03/2018,1167.03
28/03/2018,1172.24
27/03/2018,1171.73
26/03/2018,1171.22
23/03/2018,1153.59
22/03/2018,1172.36
21/03/2018,1169.36
20/03/2018,1159.39
19/03/2018,1159.22
16/03/2018,1150.19
15/03/2018,1138.76
14/03/2018,1138.09
13/03/2018,1133.31
12/3/2018,1126.29
9/3/2018,1123.41
8/3/2018,1124.15
7/3/2018,1112.26
6/3/2018,1120.29
5/3/2018,1093.48
2/3/2018,1121.21
1/3/2018,1115.79
28/02/2018,1121.54
27/02/2018,1119.61
26/02/2018,1114.53
23/02/2018,1102.85
22/02/2018,1076.03
21/02/2018,1087.15
13/02/2018,1059.73
12/2/2018,1041.79
9/2/2018,1003.94
8/2/2018,1023.25
7/2/2018,1040.55
6/2/2018,1011.60
5/2/2018,1048.71
2/2/2018,1105.04
1/2/2018,1099.67
31/01/2018,1110.36
30/01/2018,1110.56
29/01/2018,1109.80
26/01/2018,1115.64
25/01/2018,1104.57
22/01/2018,1087.42
19/01/2018,1062.07
18/01/2018,1050.25
17/01/2018,1034.69
16/01/2018,1062.96
15/01/2018,1063.47
12/1/2018,1050.11
11/1/2018,1048.17
10/1/2018,1038.11
9/1/2018,1033.56
8/1/2018,1022.90
5/1/2018,1012.65
4/1/2018,1019.75
3/1/2018,1005.67
2/1/2018,995.77
29/12/2017,984.24
28/12/2017,976.72
27/12/2017,968.46
26/12/2017,965.93
25/12/2017,958.31
22/12/2017,952.32
21/12/2017,946.06
20/12/2017,953.51
19/12/2017,951.42
18/12/2017,958.06
15/12/2017,935.16
14/12/2017,935.85
13/12/2017,924.40
12/12/2017,927.25
11/12/2017,917.45
8/12/2017,940.16
7/12/2017,938.65
6/12/2017,947.64
5/12/2017,953.30
4/12/2017,970.02
1/12/2017,960.33
30/11/2017,949.93
29/11/2017,952.14
28/11/2017,941.21
27/11/2017,938.61
24/11/2017,935.57
23/11/2017,933.70
22/11/2017,932.66
21/11/2017,918.30
20/11/2017,903.55
17/11/2017,890.69
16/11/2017,892.80
15/11/2017,882.59
14/11/2017,880.90
13/11/2017,879.34
10/11/2017,868.21
9/11/2017,860.40
8/11/2017,859.70
7/11/2017,850.33
6/11/2017,849.09
3/11/2017,843.73
2/11/2017,833.09
1/11/2017,842.71
31/10/2017,837.28
30/10/2017,845.20
27/10/2017,840.37
26/10/2017,830.11
25/10/2017,830.69
24/10/2017,825.24
23/10/2017,820.04
20/10/2017,826.84
19/10/2017,828.93
18/10/2017,827.72
17/10/2017,828.29
16/10/2017,819.43
13/10/2017,820.95
12/10/2017,815.87
11/10/2017,813.95
10/10/2017,810.65
9/10/2017,808.96
6/10/2017,807.80
5/10/2017,805.23
4/10/2017,805.66
3/10/2017,798.00
2/10/2017,802.23
29/09/2017,804.42
28/09/2017,804.82
27/09/2017,803.77
26/09/2017,805.35
25/09/2017,805.58
22/09/2017,807.13
21/09/2017,803.93
20/09/2017,805.86
19/09/2017,805.93
18/09/2017,807.87
15/09/2017,805.82
14/09/2017,806.32
13/09/2017,802.78
12/9/2017,799.94
11/9/2017,797.47
8/9/2017,801.20
7/9/2017,796.72
6/9/2017,793.55
5/9/2017,792.31
1/9/2017,788.73
31/08/2017,782.76
30/08/2017,778.65
29/08/2017,774.03
28/08/2017,777.26
25/08/2017,771.63
24/08/2017,769.77
23/08/2017,765.98
22/08/2017,761.26
21/08/2017,768.79
18/08/2017,768.97
17/08/2017,767.59
16/08/2017,773.57
15/08/2017,771.06
14/08/2017,776.17
11/8/2017,772.08
10/8/2017,773.43
9/8/2017,773.66
8/8/2017,791.57
7/8/2017,792.98
4/8/2017,788.68
3/8/2017,788.49
2/8/2017,786.23
1/8/2017,786.81
31/07/2017,783.55
28/07/2017,777.09
27/07/2017,771.50
26/07/2017,773.88
25/07/2017,767.27
24/07/2017,759.74
21/07/2017,761.86
20/07/2017,768.41
19/07/2017,771.30
18/07/2017,767.49
17/07/2017,768.91
14/07/2017,777.60
13/07/2017,778.30
12/7/2017,774.17
11/7/2017,769.36
10/7/2017,766.56
7/7/2017,775.73
6/7/2017,782.65
5/7/2017,778.32
4/7/2017,775.54
3/7/2017,778.88
30/06/2017,776.47
29/06/2017,771.75
28/06/2017,769.04
27/06/2017,767.51
26/06/2017,772.52
23/06/2017,769.01
22/06/2017,766.30
21/06/2017,767.41
20/06/2017,767.99
19/06/2017,766.83
16/06/2017,761.24
15/06/2017,760.57
14/06/2017,760.77
13/06/2017,756.89
12/6/2017,751.09
9/6/2017,749.72
8/6/2017,750.13
7/6/2017,753.46
6/6/2017,751.31
5/6/2017,743.49
2/6/2017,738.81
1/6/2017,741.80
31/05/2017,737.82
30/05/2017,738.21
29/05/2017,746.25
26/05/2017,743.41
25/05/2017,741.91
24/05/2017,742.74
23/05/2017,740.93
22/05/2017,744.10
19/05/2017,733.82
18/05/2017,726.99
17/05/2017,727.20
16/05/2017,725.03
15/05/2017,725.35
12/5/2017,725.37
11/5/2017,724.99
10/5/2017,724.31
9/5/2017,722.11
8/5/2017,718.86
5/5/2017,720.00
4/5/2017,722.02
3/5/2017,719.54
28/04/2017,717.73
27/04/2017,716.53
26/04/2017,710.04
25/04/2017,707.58
24/04/2017,709.39
21/04/2017,712.41
20/04/2017,712.66
19/04/2017,716.77
18/04/2017,714.93
17/04/2017,710.83
14/04/2017,718.45
13/04/2017,724.35
12/4/2017,725.58
11/4/2017,731.33
10/4/2017,729.87
7/4/2017,727.95
5/4/2017,723.22
4/4/2017,724.14
3/4/2017,722.38
31/03/2017,722.31
30/03/2017,723.86
29/03/2017,720.47
28/03/2017,719.26
27/03/2017,723.52
24/03/2017,722.14
23/03/2017,719.56
22/03/2017,712.94
21/03/2017,716.18
20/03/2017,715.07
17/03/2017,710.54
16/03/2017,714.92
15/03/2017,713.14
14/03/2017,714.71
13/03/2017,710.17
10/3/2017,712.21
9/3/2017,715.80
8/3/2017,716.60
7/3/2017,716.54
6/3/2017,716.29
3/3/2017,712.62
2/3/2017,707.51
1/3/2017,709.52
28/02/2017,710.79
27/02/2017,717.44
24/02/2017,714.47
23/02/2017,716.87
22/02/2017,717.24
21/02/2017,716.55
20/02/2017,710.59
17/02/2017,707.83
16/02/2017,709.35
15/02/2017,711.57
14/02/2017,706.26
13/02/2017,705.90
10/2/2017,703.78
9/2/2017,700.65
8/2/2017,702.04
7/2/2017,701.91
6/2/2017,700.04
3/2/2017,700.35
2/2/2017,703.18
25/01/2017,697.28
24/01/2017,691.36
23/01/2017,687.15
20/01/2017,686.26
19/01/2017,682.31
18/01/2017,683.28
17/01/2017,684.71
16/01/2017,677.94
13/01/2017,685.06
12/1/2017,686.96
11/1/2017,687.16
10/1/2017,681.07
9/1/2017,682.57
6/1/2017,679.80
5/1/2017,675.81
4/1/2017,674.70
3/1/2017,672.01
30/12/2016,664.87
29/12/2016,664.72
28/12/2016,663.50
27/12/2016,663.86
26/12/2016,662.45
23/12/2016,664.37
22/12/2016,664.15
21/12/2016,666.94
20/12/2016,662.66
19/12/2016,674.33
16/12/2016,675.16
15/12/2016,665.92
14/12/2016,665.14
13/12/2016,654.66
12/12/2016,659.70
9/12/2016,663.07
8/12/2016,658.89
7/12/2016,653.53
6/12/2016,651.49
5/12/2016,660.21
2/12/2016,665.14
1/12/2016,666.54
30/11/2016,665.07
29/11/2016,658.26
28/11/2016,665.29
25/11/2016,675.87
24/11/2016,678.18
23/11/2016,683.16
22/11/2016,681.91
21/11/2016,674.29
18/11/2016,673.25
17/11/2016,674.57
16/11/2016,674.60
15/11/2016,674.26
14/11/2016,673.05
11/11/2016,679.20
10/11/2016,678.17
9/11/2016,670.26
8/11/2016,676.46
7/11/2016,674.14
4/11/2016,666.73
3/11/2016,667.63
2/11/2016,671.40
1/11/2016,676.60
31/10/2016,675.80
28/10/2016,682.25
27/10/2016,676.90
26/10/2016,673.61
25/10/2016,676.18
24/10/2016,678.02
21/10/2016,684.83
20/10/2016,686.39
19/10/2016,688.89
18/10/2016,682.02
17/10/2016,680.95
14/10/2016,687.00
13/10/2016,685.23
12/10/2016,682.45
11/10/2016,682.36
10/10/2016,674.19
7/10/2016,683.95
6/10/2016,687.32
5/10/2016,687.04
4/10/2016,684.20
3/10/2016,683.05
30/09/2016,685.73
29/09/2016,688.55
28/09/2016,686.72
27/09/2016,684.89
26/09/2016,677.04
23/09/2016,674.09
22/09/2016,671.38
21/09/2016,668.48
20/09/2016,663.37
19/09/2016,657.89
16/09/2016,651.31
15/09/2016,656.18
14/09/2016,656.64
13/09/2016,659.72
12/9/2016,659.76
9/9/2016,666.88
8/9/2016,666.07
7/9/2016,661.28
6/9/2016,663.90
5/9/2016,664.55
1/9/2016,669.19
31/08/2016,674.63
30/08/2016,672.67
29/08/2016,669.44
26/08/2016,667.75
25/08/2016,658.50
24/08/2016,660.77
23/08/2016,659.16
22/08/2016,657.68
19/08/2016,662.28
18/08/2016,660.65
17/08/2016,660.51
16/08/2016,658.11
15/08/2016,659.47
12/8/2016,655.71
11/8/2016,660.24
10/8/2016,648.33
9/8/2016,637.34
8/8/2016,629.46
5/8/2016,627.39
4/8/2016,631.94
3/8/2016,631.61
2/8/2016,636.05
1/8/2016,648.38
29/07/2016,652.23
28/07/2016,657.14
27/07/2016,656.11
26/07/2016,648.59
25/07/2016,649.30
22/07/2016,649.87
21/07/2016,659.57
20/07/2016,660.26
19/07/2016,667.76
18/07/2016,673.50
15/07/2016,664.56
14/07/2016,666.69
13/07/2016,675.12
12/7/2016,658.90
11/7/2016,652.26
8/7/2016,658.68
7/7/2016,661.12
6/7/2016,649.46
5/7/2016,650.88
4/7/2016,647.96
1/7/2016,640.30
30/06/2016,632.26
29/06/2016,630.12
28/06/2016,622.20
27/06/2016,621.27
24/06/2016,620.77
23/06/2016,632.27
22/06/2016,626.41
21/06/2016,628.00
20/06/2016,626.46
17/06/2016,619.25
16/06/2016,625.11
15/06/2016,627.02
14/06/2016,625.43
13/06/2016,623.58
10/6/2016,629.84
9/6/2016,631.26
8/6/2016,627.87
7/6/2016,624.65
6/6/2016,620.05
3/6/2016,621.88
2/6/2016,623.37
1/6/2016,619.86
31/05/2016,618.44
30/05/2016,614.50
27/05/2016,608.11
26/05/2016,604.34
25/05/2016,611.89
24/05/2016,611.62
23/05/2016,611.03
20/05/2016,614.81
19/05/2016,619.20
18/05/2016,622.45
17/05/2016,624.75
16/05/2016,615.78
13/05/2016,610.82
12/5/2016,612.12
11/5/2016,614.06
10/5/2016,605.05
9/5/2016,603.85
6/5/2016,606.52
5/5/2016,601.51
4/5/2016,599.07
29/04/2016,598.37
28/04/2016,591.67
27/04/2016,593.96
26/04/2016,598.48
25/04/2016,591.58
22/04/2016,592.48
21/04/2016,575.73
20/04/2016,568.03
19/04/2016,568.28
15/04/2016,579.86
14/04/2016,579.49
13/04/2016,578.02
12/4/2016,579.84
11/4/2016,579.27
8/4/2016,572.34
7/4/2016,571.60
6/4/2016,567.79
5/4/2016,560.32
4/4/2016,555.82
1/4/2016,558.43
31/03/2016,561.22
30/03/2016,569.91
29/03/2016,568.28
28/03/2016,575.72
25/03/2016,572.08
24/03/2016,570.66
23/03/2016,574.71
22/03/2016,570.91
21/03/2016,572.27
18/03/2016,575.82
17/03/2016,579.26
16/03/2016,577.07
15/03/2016,574.04
14/03/2016,577.98
11/3/2016,577.26
10/3/2016,575.91
9/3/2016,571.71
8/3/2016,574.71
7/3/2016,576.20
4/3/2016,573.65
3/3/2016,570.39
2/3/2016,570.18
1/3/2016,561.56
29/02/2016,559.37
26/02/2016,566.11
25/02/2016,562.82
24/02/2016,568.04
23/02/2016,561.28
22/02/2016,560.71
19/02/2016,554.03
18/02/2016,552.49
17/02/2016,547.05
16/02/2016,548.05
15/02/2016,543.79
5/2/2016,544.75
4/2/2016,542.15
3/2/2016,539.07
2/2/2016,536.45
1/2/2016,540.56
29/01/2016,545.25
28/01/2016,539.47
27/01/2016,542.69
26/01/2016,537.73
25/01/2016,542.35
22/01/2016,522.24
21/01/2016,521.88
20/01/2016,529.44
19/01/2016,535.77
18/01/2016,526.37
15/01/2016,543.04
14/01/2016,553.03
13/01/2016,560.37
12/1/2016,564.26
11/1/2016,557.87
8/1/2016,560.05
7/1/2016,565.36
6/1/2016,574.57
5/1/2016,569.94
4/1/2016,574.41
31/12/2015,579.03
30/12/2015,579.45
29/12/2015,576.29
28/12/2015,569.90
25/12/2015,567.67
24/12/2015,566.17
23/12/2015,564.27
22/12/2015,566.35
21/12/2015,566.90
18/12/2015,568.18
17/12/2015,577.11
16/12/2015,572.55
15/12/2015,568.00
14/12/2015,562.22
11/12/2015,563.43
10/12/2015,561.04
9/12/2015,565.20
8/12/2015,574.15
7/12/2015,563.62
4/12/2015,571.62
3/12/2015,574.38
2/12/2015,574.42
1/12/2015,570.41
30/11/2015,573.20
27/11/2015,582.86
26/11/2015,590.40
25/11/2015,595.70
24/11/2015,593.83
23/11/2015,599.99
20/11/2015,604.46
19/11/2015,601.90
18/11/2015,603.34
17/11/2015,605.05
16/11/2015,609.21
13/11/2015,611.27
12/11/2015,605.58
11/11/2015,603.53
10/11/2015,605.27
9/11/2015,610.66
6/11/2015,612.36
5/11/2015,615.18
4/11/2015,610.60
3/11/2015,611.71
2/11/2015,602.76
30/10/2015,607.37
29/10/2015,605.20
28/10/2015,596.24
27/10/2015,598.44
26/10/2015,598.61
23/10/2015,601.74
22/10/2015,595.08
21/10/2015,590.24
20/10/2015,590.45
19/10/2015,594.61
16/10/2015,593.02
15/10/2015,592.40
14/10/2015,589.98
13/10/2015,590.84
12/10/2015,592.10
9/10/2015,588.02
8/10/2015,586.78
7/10/2015,579.57
6/10/2015,581.29
5/10/2015,570.00
2/10/2015,562.31
1/10/2015,563.54
30/09/2015,562.64
29/09/2015,561.19
28/09/2015,564.88
25/09/2015,570.38
24/09/2015,570.25
23/09/2015,572.72
22/09/2015,573.20
21/09/2015,572.12
18/09/2015,566.25
17/09/2015,562.48
16/09/2015,564.13
15/09/2015,563.27
14/09/2015,562.17
11/9/2015,566.74
10/9/2015,572.07
9/9/2015,572.34
8/9/2015,566.72
7/9/2015,554.93
4/9/2015,556.81
3/9/2015,554.30
1/9/2015,562.31
31/08/2015,564.75
28/08/2015,570.87
27/08/2015,555.81
26/08/2015,545.89
25/08/2015,529.98
24/08/2015,526.93
21/08/2015,556.30
20/08/2015,566.69
19/08/2015,577.82
18/08/2015,580.22
17/08/2015,573.15
14/08/2015,589.03
13/08/2015,594.26
12/8/2015,604.24
11/8/2015,613.05
10/8/2015,614.53
7/8/2015,603.76
6/8/2015,601.04
5/8/2015,607.08
4/8/2015,600.76
3/8/2015,609.47
31/07/2015,621.06
30/07/2015,626.57
29/07/2015,624.70
28/07/2015,631.47
27/07/2015,635.46
24/07/2015,631.26
23/07/2015,632.01
22/07/2015,629.85
21/07/2015,616.61
20/07/2015,620.54
17/07/2015,628.63
16/07/2015,626.90
15/07/2015,630.89
14/07/2015,638.69
13/07/2015,634.06
10/7/2015,627.28
9/7/2015,622.10
8/7/2015,623.17
7/7/2015,630.27
6/7/2015,625.22
3/7/2015,616.43
2/7/2015,605.70
1/7/2015,591.50
30/06/2015,593.05
29/06/2015,591.75
26/06/2015,581.75
25/06/2015,587.99
24/06/2015,590.02
23/06/2015,593.07
22/06/2015,594.08
19/06/2015,584.70
18/06/2015,580.35
17/06/2015,578.87
16/06/2015,580.35
15/06/2015,586.48
12/6/2015,582.73
11/6/2015,581.05
10/6/2015,574.10
9/6/2015,574.47
8/6/2015,579.83
5/6/2015,578.07
4/6/2015,568.99
3/6/2015,567.90
2/6/2015,570.31
1/6/2015,574.98
29/05/2015,569.56
28/05/2015,572.97
27/05/2015,566.48
26/05/2015,567.20
25/05/2015,563.00
22/05/2015,561.82
21/05/2015,552.56
20/05/2015,550.10
19/05/2015,536.82
18/05/2015,528.95
15/05/2015,537.44
14/05/2015,543.69
13/05/2015,542.82
12/5/2015,544.41
11/5/2015,551.67
8/5/2015,554.51
7/5/2015,552.98
6/5/2015,549.30
5/5/2015,552.65
4/5/2015,545.08
27/04/2015,562.40
24/04/2015,565.77
23/04/2015,561.25
22/04/2015,562.51
21/04/2015,562.24
20/04/2015,565.04
17/04/2015,568.32
16/04/2015,568.28
15/04/2015,564.50
14/04/2015,558.67
13/04/2015,559.54
10/4/2015,554.03
9/4/2015,550.52
8/4/2015,547.72
7/4/2015,548.11
6/4/2015,542.97
3/4/2015,547.85
2/4/2015,546.85
1/4/2015,538.91
31/03/2015,551.13
30/03/2015,545.19
27/03/2015,551.42
26/03/2015,556.16
25/03/2015,560.93
24/03/2015,567.43
23/03/2015,570.89
20/03/2015,575.44
19/03/2015,573.74
18/03/2015,578.68
17/03/2015,581.76
16/03/2015,580.80
13/03/2015,586.10
12/3/2015,588.53
11/3/2015,586.54
10/3/2015,589.66
9/3/2015,588.44
6/3/2015,593.97
5/3/2015,596.91
4/3/2015,600.39
3/3/2015,596.72
2/3/2015,590.73
27/02/2015,592.57
26/02/2015,596.72
25/02/2015,592.66
24/02/2015,596.95
13/02/2015,587.24
12/2/2015,584.67
11/2/2015,581.76
10/2/2015,574.52
9/2/2015,573.55
6/2/2015,574.13
5/2/2015,567.17
4/2/2015,561.45
3/2/2015,557.47
2/2/2015,570.37
30/01/2015,576.07
29/01/2015,583.28
28/01/2015,583.76
27/01/2015,579.30
26/01/2015,580.64
23/01/2015,582.38
22/01/2015,574.54
21/01/2015,569.12
20/01/2015,572.22
19/01/2015,571.51
16/01/2015,574.81
15/01/2015,577.74
14/01/2015,577.01
13/01/2015,580.60
12/1/2015,574.32
9/1/2015,569.73
8/1/2015,553.47
7/1/2015,552.05
6/1/2015,549.66
5/1/2015,544.45
31/12/2014,545.63
30/12/2014,537.57
29/12/2014,532.68
26/12/2014,533.37
25/12/2014,532.01
24/12/2014,539.44
23/12/2014,537.88
22/12/2014,537.54
19/12/2014,523.09
18/12/2014,528.45
17/12/2014,518.22
16/12/2014,535.14
15/12/2014,547.93
12/12/2014,553.93
11/12/2014,550.11
10/12/2014,557.19
9/12/2014,555.31
8/12/2014,571.68
5/12/2014,578.76
4/12/2014,578.38
3/12/2014,574.88
2/12/2014,569.43
1/12/2014,568.01
28/11/2014,566.58
27/11/2014,572.89
26/11/2014,576.04
25/11/2014,585.91
24/11/2014,582.53
21/11/2014,588.03
20/11/2014,593.32
19/11/2014,588.35
18/11/2014,594.25
17/11/2014,600.93
14/11/2014,600.36
13/11/2014,603.16
12/11/2014,604.01
11/11/2014,604.23
10/11/2014,602.12
7/11/2014,602.59
6/11/2014,597.85
5/11/2014,597.01
4/11/2014,598.39
3/11/2014,603.15
31/10/2014,600.84
30/10/2014,589.14
29/10/2014,591.20
28/10/2014,583.13
27/10/2014,580.80
24/10/2014,591.51
23/10/2014,593.53
22/10/2014,601.59
21/10/2014,600.55
20/10/2014,589.24
17/10/2014,585.28
16/10/2014,587.17
15/10/2014,604.29
14/10/2014,605.79
13/10/2014,614.22
10/10/2014,617.72
9/10/2014,624.34
8/10/2014,617.26
7/10/2014,614.08
6/10/2014,614.42
3/10/2014,611.55
2/10/2014,612.66
1/10/2014,609.27
30/09/2014,598.80
29/09/2014,599.78
26/09/2014,604.98
25/09/2014,605.10
24/09/2014,603.59
23/09/2014,610.39
22/09/2014,611.93
19/09/2014,613.29
18/09/2014,615.80
17/09/2014,625.66
16/09/2014,627.66
15/09/2014,630.34
12/9/2014,632.50
11/9/2014,628.99
10/9/2014,628.80
9/9/2014,626.92
8/9/2014,639.85
5/9/2014,638.65
4/9/2014,640.22
3/9/2014,640.75
29/08/2014,636.65
28/08/2014,632.03
27/08/2014,628.77
26/08/2014,629.06
25/08/2014,625.88
22/08/2014,620.14
21/08/2014,612.94
20/08/2014,606.70
19/08/2014,604.64
18/08/2014,605.08
15/08/2014,604.24
14/08/2014,605.25
13/08/2014,602.76
12/8/2014,601.78
11/8/2014,602.13
8/8/2014,605.43
7/8/2014,607.62
6/8/2014,606.70
5/8/2014,607.73
4/8/2014,599.04
1/8/2014,593.90
31/07/2014,596.07
30/07/2014,589.33
29/07/2014,592.24
28/07/2014,589.45
25/07/2014,600.14
24/07/2014,602.06
23/07/2014,597.50
22/07/2014,597.98
21/07/2014,601.04
18/07/2014,596.26
17/07/2014,590.37
16/07/2014,589.68
15/07/2014,589.31
14/07/2014,586.23
11/7/2014,582.77
10/7/2014,584.88
9/7/2014,591.60
8/7/2014,591.47
7/7/2014,590.69
4/7/2014,589.35
3/7/2014,585.02
2/7/2014,578.80
1/7/2014,578.07
30/06/2014,578.13
27/06/2014,578.82
26/06/2014,576.40
25/06/2014,572.27
24/06/2014,569.74
23/06/2014,565.92
20/06/2014,560.78
19/06/2014,567.35
18/06/2014,570.03
17/06/2014,572.25
16/06/2014,572.37
13/06/2014,574.48
12/6/2014,573.77
11/6/2014,570.36
10/6/2014,566.89
9/6/2014,565.61
6/6/2014,559.04
5/6/2014,551.10
4/6/2014,553.46
3/6/2014,558.76
2/6/2014,556.80
30/05/2014,562.02
29/05/2014,558.45
28/05/2014,557.34
27/05/2014,552.75
26/05/2014,544.06
23/05/2014,541.49
22/05/2014,541.73
21/05/2014,543.88
20/05/2014,537.52
19/05/2014,533.04
16/05/2014,529.49
15/05/2014,524.05
14/05/2014,529.53
13/05/2014,513.91
12/5/2014,517.05
9/5/2014,542.46
8/5/2014,527.09
7/5/2014,559.97
6/5/2014,555.11
5/5/2014,564.85
29/04/2014,578.00
28/04/2014,573.10
25/04/2014,578.92
24/04/2014,570.46
23/04/2014,569.36
22/04/2014,569.87
21/04/2014,558.14
18/04/2014,565.33
17/04/2014,580.31
16/04/2014,574.29
15/04/2014,586.09
14/04/2014,596.11
11/4/2014,600.57
10/4/2014,601.33
8/4/2014,603.25
7/4/2014,600.57
4/4/2014,593.04
3/4/2014,589.44
2/4/2014,581.67
1/4/2014,583.85
31/03/2014,591.57
28/03/2014,594.29
27/03/2014,590.14
26/03/2014,588.06
25/03/2014,601.85
24/03/2014,607.55
21/03/2014,601.75
20/03/2014,600.26
19/03/2014,605.59
18/03/2014,599.85
17/03/2014,600.36
14/03/2014,596.83
13/03/2014,595.22
12/3/2014,590.02
11/3/2014,588.50
10/3/2014,583.69
7/3/2014,579.75
6/3/2014,578.56
5/3/2014,574.94
4/3/2014,569.97
3/3/2014,573.38
28/02/2014,586.48
27/02/2014,584.79
26/02/2014,589.81
25/02/2014,586.20
24/02/2014,576.58
21/02/2014,570.57
20/02/2014,571.04
19/02/2014,578.12
18/02/2014,574.56
17/02/2014,570.20
14/02/2014,572.22
13/02/2014,570.18
12/2/2014,564.25
11/2/2014,553.90
10/2/2014,555.90
7/2/2014,549.76
6/2/2014,554.68
27/01/2014,556.52
24/01/2014,560.19
23/01/2014,553.55
22/01/2014,551.92
21/01/2014,559.91
20/01/2014,553.67
17/01/2014,543.59
16/01/2014,533.54
15/01/2014,526.68
14/01/2014,522.31
13/01/2014,521.11
10/1/2014,518.94
9/1/2014,516.98
8/1/2014,513.90
7/1/2014,510.12
6/1/2014,509.10
3/1/2014,505.37
2/1/2014,504.51
31/12/2013,504.63
30/12/2013,500.35
27/12/2013,506.41
26/12/2013,506.55
25/12/2013,504.42
24/12/2013,505.62
23/12/2013,508.68
20/12/2013,504.45
19/12/2013,506.28
18/12/2013,505.25
17/12/2013,505.67
16/12/2013,502.04
13/12/2013,506.06
12/12/2013,506.92
11/12/2013,505.31
10/12/2013,511.60
9/12/2013,511.23
6/12/2013,510.12
5/12/2013,510.03
4/12/2013,510.88
3/12/2013,511.62
2/12/2013,508.53
29/11/2013,507.78
28/11/2013,507.71
27/11/2013,508.43
26/11/2013,509.16
25/11/2013,506.46
22/11/2013,505.64
21/11/2013,503.54
20/11/2013,505.52
19/11/2013,504.71
18/11/2013,506.48
15/11/2013,501.34
14/11/2013,497.85
13/11/2013,496.12
12/11/2013,497.65
11/11/2013,501.08
8/11/2013,498.61
7/11/2013,499.86
6/11/2013,502.52
5/11/2013,499.79
4/11/2013,497.07
1/11/2013,497.08
31/10/2013,497.41
30/10/2013,499.07
29/10/2013,497.08
28/10/2013,496.46
25/10/2013,500.75
24/10/2013,501.17
23/10/2013,504.05
22/10/2013,500.57
21/10/2013,501.57
18/10/2013,500.83
17/10/2013,499.59
16/10/2013,498.96
15/10/2013,495.72
14/10/2013,493.62
11/10/2013,494.53
10/10/2013,494.81
9/10/2013,500.67
8/10/2013,502.22
7/10/2013,500.47
4/10/2013,497.50
3/10/2013,492.30
2/10/2013,494.39
1/10/2013,492.24
30/09/2013,492.63
27/09/2013,486.61
26/09/2013,485.11
25/09/2013,486.22
24/09/2013,482.82
23/09/2013,479.09
20/09/2013,477.19
19/09/2013,476.09
18/09/2013,474.26
17/09/2013,477.73
16/09/2013,475.57
13/09/2013,476.42
12/9/2013,475.59
11/9/2013,476.40
10/9/2013,474.53
9/9/2013,470.16
6/9/2013,480.03
5/9/2013,477.57
4/9/2013,471.45
3/9/2013,472.17
30/08/2013,472.70
29/08/2013,468.55
28/08/2013,473.30
27/08/2013,485.57
26/08/2013,490.54
23/08/2013,486.82
22/08/2013,496.12
21/08/2013,502.70
20/08/2013,504.81
19/08/2013,511.02
16/08/2013,507.79
15/08/2013,508.22
14/08/2013,503.57
13/08/2013,497.73
12/8/2013,499.46
9/8/2013,500.62
8/8/2013,498.22
7/8/2013,500.10
6/8/2013,496.56
5/8/2013,493.66
2/8/2013,494.66
1/8/2013,492.43
31/07/2013,491.85
30/07/2013,488.54
29/07/2013,485.69
26/07/2013,493.93
25/07/2013,491.78
24/07/2013,494.18
23/07/2013,504.29
22/07/2013,506.16
19/07/2013,503.76
18/07/2013,496.84
17/07/2013,497.50
16/07/2013,496.22
15/07/2013,494.10
12/7/2013,493.99
11/7/2013,484.47
10/7/2013,484.43
9/7/2013,485.50
8/7/2013,482.77
5/7/2013,485.66
4/7/2013,487.22
3/7/2013,487.35
2/7/2013,489.84
1/7/2013,480.04
28/06/2013,481.13
27/06/2013,482.95
26/06/2013,473.53
25/06/2013,473.02
24/06/2013,489.74
21/06/2013,498.84
20/06/2013,499.51
19/06/2013,503.37
18/06/2013,498.88
17/06/2013,498.52
14/06/2013,509.03
13/06/2013,515.09
12/6/2013,518.24
11/6/2013,521.95
10/6/2013,524.56
7/6/2013,527.97
6/6/2013,520.90
5/6/2013,514.64
4/6/2013,510.69
3/6/2013,517.03
31/05/2013,518.39
30/05/2013,521.45
29/05/2013,515.09
28/05/2013,516.33
27/05/2013,512.41
24/05/2013,500.24
23/05/2013,498.22
22/05/2013,502.23
21/05/2013,500.18
20/05/2013,492.27
17/05/2013,487.60
16/05/2013,490.34
15/05/2013,485.97
14/05/2013,483.85
13/05/2013,488.93
10/5/2013,486.10
9/5/2013,486.22
8/5/2013,485.07
7/5/2013,485.58
6/5/2013,488.32
3/5/2013,475.24
2/5/2013,473.02
26/04/2013,474.51
25/04/2013,476.59
24/04/2013,472.89
23/04/2013,473.69
22/04/2013,468.43
18/04/2013,473.21
17/04/2013,483.99
16/04/2013,478.07
15/04/2013,480.02
12/4/2013,494.27
11/4/2013,504.07
10/4/2013,496.50
9/4/2013,510.49
8/4/2013,506.66
5/4/2013,502.58
4/4/2013,497.35
3/4/2013,505.93
2/4/2013,509.43
1/4/2013,505.81
29/03/2013,491.04
28/03/2013,490.67
27/03/2013,491.26
26/03/2013,489.46
25/03/2013,493.57
22/03/2013,489.99
21/03/2013,491.79
20/03/2013,487.04
19/03/2013,480.48
18/03/2013,479.13
15/03/2013,481.35
14/03/2013,474.60
13/03/2013,473.18
12/3/2013,475.34
11/3/2013,476.50
8/3/2013,470.68
7/3/2013,466.63
6/3/2013,471.09
5/3/2013,462.12
4/3/2013,468.74
1/3/2013,477.15
28/02/2013,474.56
27/02/2013,465.72
26/02/2013,465.05
25/02/2013,483.69
22/02/2013,477.69
21/02/2013,476.73
20/02/2013,494.83
19/02/2013,490.78
18/02/2013,493.95
8/2/2013,494.03
7/2/2013,490.62
6/2/2013,488.36
5/2/2013,477.36
4/2/2013,482.38
1/2/2013,483.42
31/01/2013,479.79
30/01/2013,487.60
29/01/2013,484.01
28/01/2013,479.60
25/01/2013,468.09
24/01/2013,452.40
23/01/2013,443.37
22/01/2013,442.85
21/01/2013,447.79
18/01/2013,454.16
17/01/2013,456.76
16/01/2013,465.25
15/01/2013,461.42
14/01/2013,458.97
11/1/2013,462.69
10/1/2013,460.12
9/1/2013,448.77
8/1/2013,447.16
7/1/2013,434.19
4/1/2013,426.06
3/1/2013,419.27
2/1/2013,418.35
28/12/2012,413.73
27/12/2012,409.97
26/12/2012,406.10
25/12/2012,401.34
24/12/2012,399.71
21/12/2012,396.78
20/12/2012,399.68
19/12/2012,398.59
18/12/2012,393.39
17/12/2012,393.63
14/12/2012,392.21
13/12/2012,391.19
12/12/2012,391.08
11/12/2012,389.37
10/12/2012,386.69
7/12/2012,383.80
6/12/2012,385.69
5/12/2012,385.69
4/12/2012,382.10
3/12/2012,379.27
30/11/2012,377.82
29/11/2012,378.20
28/11/2012,375.79
27/11/2012,376.89
26/11/2012,377.90
23/11/2012,381.71
22/11/2012,383.22
21/11/2012,383.87
20/11/2012,385.10
19/11/2012,383.32
16/11/2012,385.71
15/11/2012,386.91
14/11/2012,387.71
13/11/2012,385.22
12/11/2012,388.62
9/11/2012,386.71
8/11/2012,385.60
7/11/2012,380.90
6/11/2012,376.95
5/11/2012,377.27
2/11/2012,375.26
1/11/2012,387.95
31/10/2012,388.42
30/10/2012,389.86
29/10/2012,391.36
26/10/2012,391.70
25/10/2012,389.92
24/10/2012,395.45
23/10/2012,397.71
22/10/2012,397.00
19/10/2012,398.23
18/10/2012,398.51
17/10/2012,397.02
16/10/2012,399.22
15/10/2012,391.56
12/10/2012,392.54
11/10/2012,394.19
10/10/2012,394.66
9/10/2012,393.67
8/10/2012,393.45
5/10/2012,388.16
4/10/2012,384.51
3/10/2012,385.37
2/10/2012,384.32
1/10/2012,386.55
28/09/2012,392.57
27/09/2012,393.34
26/09/2012,395.12
25/09/2012,391.77
24/09/2012,390.37
21/09/2012,395.48
20/09/2012,389.28
19/09/2012,394.55
18/09/2012,394.51
17/09/2012,401.75
14/09/2012,398.87
13/09/2012,391.36
12/9/2012,388.35
11/9/2012,386.62
10/9/2012,388.88
7/9/2012,397.51
6/9/2012,393.41
5/9/2012,398.92
4/9/2012,402.08
31/08/2012,396.02
30/08/2012,397.25
29/08/2012,393.06
28/08/2012,385.78
27/08/2012,386.19
24/08/2012,399.72
23/08/2012,392.82
22/08/2012,410.23
21/08/2012,416.84
20/08/2012,437.28
17/08/2012,433.45
16/08/2012,430.83
15/08/2012,430.77
14/08/2012,429.47
13/08/2012,426.17
10/8/2012,425.56
9/8/2012,426.98
8/8/2012,423.57
7/8/2012,422.50
6/8/2012,423.16
3/8/2012,418.21
2/8/2012,416.10
1/8/2012,412.55
31/07/2012,414.48
30/07/2012,415.00
27/07/2012,413.16
26/07/2012,414.80
25/07/2012,412.91
24/07/2012,415.63
23/07/2012,421.99
20/07/2012,424.47
19/07/2012,428.38
18/07/2012,418.83
17/07/2012,417.55
16/07/2012,413.98
13/07/2012,416.98
12/7/2012,408.72
11/7/2012,407.28
10/7/2012,405.39
9/7/2012,408.12
6/7/2012,415.44
5/7/2012,413.83
4/7/2012,410.73
3/7/2012,413.09
2/7/2012,419.30
29/06/2012,422.37
28/06/2012,418.16
27/06/2012,418.04
26/06/2012,419.19
25/06/2012,424.12
22/06/2012,427.17
21/06/2012,431.14
20/06/2012,432.89
19/06/2012,431.08
18/06/2012,435.59
15/06/2012,433.09
14/06/2012,425.28
13/06/2012,427.61
12/6/2012,428.16
11/6/2012,432.50
8/6/2012,432.90
7/6/2012,434.41
6/6/2012,426.39
5/6/2012,421.02
4/6/2012,416.65
1/6/2012,428.80
31/05/2012,429.20
30/05/2012,435.34
29/05/2012,431.44
28/05/2012,435.48
25/05/2012,437.38
24/05/2012,426.92
23/05/2012,436.75
22/05/2012,447.94
21/05/2012,448.02
18/05/2012,434.95
17/05/2012,442.58
16/05/2012,449.91
15/05/2012,455.65
14/05/2012,469.69
11/5/2012,480.10
10/5/2012,486.07
9/5/2012,487.62
8/5/2012,488.07
7/5/2012,486.31
4/5/2012,476.32
3/5/2012,468.80
2/5/2012,472.46
27/04/2012,473.77
26/04/2012,470.21
25/04/2012,472.87
24/04/2012,465.65
23/04/2012,465.17
20/04/2012,465.72
19/04/2012,467.08
18/04/2012,472.16
17/04/2012,472.84
16/04/2012,468.26
13/04/2012,462.52
12/4/2012,465.26
11/4/2012,458.74
10/4/2012,450.85
9/4/2012,450.73
6/4/2012,447.44
5/4/2012,444.93
4/4/2012,439.77
3/4/2012,445.77
30/03/2012,441.03
29/03/2012,439.63
28/03/2012,446.32
27/03/2012,445.92
26/03/2012,459.26
23/03/2012,454.10
22/03/2012,445.67
21/03/2012,445.77
20/03/2012,440.29
19/03/2012,438.07
16/03/2012,438.52
15/03/2012,441.85
14/03/2012,433.86
13/03/2012,429.39
12/3/2012,428.02
9/3/2012,432.11
8/3/2012,431.66
7/3/2012,444.02
6/3/2012,445.00
5/3/2012,457.21
2/3/2012,439.60
1/3/2012,427.95
29/02/2012,423.64
28/02/2012,422.22
27/02/2012,428.41
24/02/2012,423.43
23/02/2012,423.89
22/02/2012,418.41
21/02/2012,410.91
20/02/2012,413.98
17/02/2012,403.30
16/02/2012,396.51
15/02/2012,397.41
14/02/2012,400.26
13/02/2012,395.54
10/2/2012,405.02
9/2/2012,411.39
8/2/2012,409.53
7/2/2012,401.08
6/2/2012,399.73
3/2/2012,401.74
2/2/2012,401.61
1/2/2012,390.67
31/01/2012,387.97
30/01/2012,384.94
20/01/2012,373.00
19/01/2012,373.43
18/01/2012,362.66
17/01/2012,358.86
16/01/2012,357.87
13/01/2012,354.33
12/1/2012,348.11
11/1/2012,347.43
10/1/2012,344.68
9/1/2012,339.32
6/1/2012,336.73
5/1/2012,340.94
4/1/2012,348.84
3/1/2012,350.00
30/12/2011,351.55
29/12/2011,350.51
28/12/2011,350.66
27/12/2011,347.80
26/12/2011,352.68
23/12/2011,356.21
22/12/2011,360.37
21/12/2011,367.72
20/12/2011,365.67
19/12/2011,367.40
16/12/2011,366.03
15/12/2011,364.48
14/12/2011,367.55
13/12/2011,371.75
12/12/2011,375.30
9/12/2011,377.16
8/12/2011,381.63
7/12/2011,387.21
6/12/2011,390.20
5/12/2011,391.19
2/12/2011,383.88
1/12/2011,380.10
30/11/2011,380.69
29/11/2011,382.90
28/11/2011,383.31
25/11/2011,383.35
24/11/2011,381.78
23/11/2011,388.57
22/11/2011,381.76
21/11/2011,379.14
18/11/2011,379.62
17/11/2011,385.86
16/11/2011,390.89
15/11/2011,387.87
14/11/2011,391.74
11/11/2011,396.30
10/11/2011,401.03
9/11/2011,405.19
8/11/2011,408.60
7/11/2011,410.52
4/11/2011,410.57
3/11/2011,408.44
2/11/2011,407.79
1/11/2011,413.82
31/10/2011,420.81
28/10/2011,422.07
27/10/2011,414.75
26/10/2011,412.10
25/10/2011,409.38
24/10/2011,414.46
21/10/2011,411.03
20/10/2011,403.73
19/10/2011,401.15
18/10/2011,404.32
17/10/2011,410.84
14/10/2011,414.49
13/10/2011,412.59
12/10/2011,410.91
11/10/2011,417.73
10/10/2011,419.66
7/10/2011,417.96
6/10/2011,421.32
5/10/2011,417.21
4/10/2011,418.18
3/10/2011,422.12
30/09/2011,427.60
29/09/2011,428.08
28/09/2011,433.97
27/09/2011,437.47
26/09/2011,434.43
23/09/2011,440.30
22/09/2011,449.26
21/09/2011,447.57
20/09/2011,454.37
19/09/2011,461.68
16/09/2011,457.11
15/09/2011,470.67
14/09/2011,466.99
13/09/2011,469.40
12/9/2011,462.93
9/9/2011,459.92
8/9/2011,453.26
7/9/2011,443.99
6/9/2011,436.16
5/9/2011,435.73
1/9/2011,435.29
31/08/2011,424.71
30/08/2011,419.26
29/08/2011,413.37
26/08/2011,404.41
25/08/2011,401.65
24/08/2011,396.68
23/08/2011,401.28
22/08/2011,406.03
19/08/2011,400.76
18/08/2011,402.89
17/08/2011,393.46
16/08/2011,386.48
15/08/2011,384.32
12/8/2011,383.92
11/8/2011,384.44
10/8/2011,385.96
9/8/2011,387.70
8/8/2011,396.41
5/8/2011,400.88
4/8/2011,396.05
3/8/2011,391.47
2/8/2011,396.55
1/8/2011,401.95
29/07/2011,405.70
28/07/2011,408.39
27/07/2011,409.40
26/07/2011,409.39
25/07/2011,409.36
22/07/2011,409.20
21/07/2011,413.06
20/07/2011,416.77
19/07/2011,410.12
18/07/2011,415.77
15/07/2011,414.74
14/07/2011,418.93
13/07/2011,418.18
12/7/2011,417.25
11/7/2011,425.09
8/7/2011,430.32
7/7/2011,429.99
6/7/2011,428.30
5/7/2011,431.03
4/7/2011,425.42
1/7/2011,425.29
30/06/2011,432.54
29/06/2011,434.60
28/06/2011,432.31
27/06/2011,434.25
24/06/2011,433.40
23/06/2011,434.75
22/06/2011,439.63
21/06/2011,442.74
20/06/2011,431.63
17/06/2011,438.93
16/06/2011,445.17
15/06/2011,441.45
14/06/2011,441.54
13/06/2011,442.69
10/6/2011,445.00
9/6/2011,443.95
8/6/2011,439.57
7/6/2011,443.68
6/6/2011,433.81
3/6/2011,443.41
2/6/2011,450.59
1/6/2011,435.69
31/05/2011,421.37
30/05/2011,412.10
27/05/2011,410.82
26/05/2011,398.04
25/05/2011,386.36
24/05/2011,402.59
23/05/2011,417.82
20/05/2011,432.87
19/05/2011,444.85
18/05/2011,454.91
17/05/2011,464.35
16/05/2011,471.49
13/05/2011,479.67
12/5/2011,482.14
11/5/2011,483.15
10/5/2011,481.29
9/5/2011,477.47
6/5/2011,472.71
5/5/2011,479.29
4/5/2011,486.58
29/04/2011,480.08
28/04/2011,472.93
27/04/2011,469.32
26/04/2011,461.86
25/04/2011,465.62
22/04/2011,456.45
21/04/2011,460.30
20/04/2011,458.50
19/04/2011,453.74
18/04/2011,455.46
15/04/2011,460.96
14/04/2011,460.63
13/04/2011,461.01
8/4/2011,464.29
7/4/2011,463.49
6/4/2011,464.94
5/4/2011,457.20
4/4/2011,457.25
1/4/2011,459.17
31/03/2011,461.13
30/03/2011,460.04
29/03/2011,457.88
28/03/2011,459.52
25/03/2011,457.74
24/03/2011,461.32
23/03/2011,467.64
22/03/2011,464.80
21/03/2011,468.25
18/03/2011,461.08
17/03/2011,460.53
16/03/2011,463.58
15/03/2011,468.74
14/03/2011,479.90
11/3/2011,495.06
10/3/2011,482.49
9/3/2011,470.51
8/3/2011,475.38
7/3/2011,468.22
4/3/2011,459.23
3/3/2011,452.34
2/3/2011,457.83
1/3/2011,466.12
28/02/2011,461.37
25/02/2011,466.96
24/02/2011,461.29
23/02/2011,470.67
22/02/2011,470.02
21/02/2011,483.68
18/02/2011,503.92
17/02/2011,509.83
16/02/2011,513.11
15/02/2011,517.87
14/02/2011,514.05
11/2/2011,519.98
10/2/2011,520.23
9/2/2011,522.59
8/2/2011,520.69
28/01/2011,510.60
27/01/2011,502.68
26/01/2011,501.25
25/01/2011,501.97
24/01/2011,509.88
21/01/2011,519.50
20/01/2011,511.98
19/01/2011,505.91
18/01/2011,497.43
17/01/2011,495.16
14/01/2011,489.22
13/01/2011,484.12
12/1/2011,478.45
11/1/2011,477.44
10/1/2011,480.55
7/1/2011,481.86
6/1/2011,482.31
5/1/2011,481.91
4/1/2011,485.97
31/12/2010,484.66
30/12/2010,481.40
29/12/2010,478.75
28/12/2010,479.33
27/12/2010,473.05
24/12/2010,472.76
23/12/2010,475.41
22/12/2010,481.53
21/12/2010,481.78
20/12/2010,478.29
17/12/2010,485.29
16/12/2010,480.21
15/12/2010,493.47
14/12/2010,489.65
13/12/2010,490.22
10/12/2010,473.06
9/12/2010,460.45
8/12/2010,452.83
7/12/2010,460.76
6/12/2010,465.56
3/12/2010,464.35
2/12/2010,457.42
1/12/2010,449.93
30/11/2010,451.59
29/11/2010,446.36
26/11/2010,439.94
25/11/2010,439.85
24/11/2010,434.48
23/11/2010,430.81
22/11/2010,426.19
19/11/2010,426.51
18/11/2010,430.72
17/11/2010,425.50
16/11/2010,426.89
15/11/2010,433.54
12/11/2010,441.60
11/11/2010,446.69
10/11/2010,451.26
9/11/2010,449.40
8/11/2010,457.13
5/11/2010,457.27
4/11/2010,448.95
3/11/2010,444.16
2/11/2010,446.30
1/11/2010,451.06
29/10/2010,452.63
28/10/2010,450.07
27/10/2010,450.01
26/10/2010,455.12
25/10/2010,448.61
22/10/2010,445.21
21/10/2010,445.05
20/10/2010,442.17
19/10/2010,454.25
18/10/2010,457.59
15/10/2010,458.39
14/10/2010,458.66
13/10/2010,457.70
12/10/2010,454.32
11/10/2010,459.32
8/10/2010,459.26
7/10/2010,462.05
6/10/2010,460.72
5/10/2010,450.96
4/10/2010,445.83
1/10/2010,451.71
30/09/2010,454.52
29/09/2010,452.94
28/09/2010,455.13
27/09/2010,450.20
24/09/2010,449.71
23/09/2010,450.77
22/09/2010,453.90
21/09/2010,453.32
20/09/2010,457.87
17/09/2010,457.58
16/09/2010,449.52
15/09/2010,448.72
14/09/2010,449.01
13/09/2010,447.27
10/9/2010,451.39
9/9/2010,463.68
8/9/2010,458.44
7/9/2010,460.59
6/9/2010,466.00
1/9/2010,458.75
31/08/2010,455.08
30/08/2010,444.55
27/08/2010,429.14
26/08/2010,427.07
25/08/2010,423.89
24/08/2010,434.42
23/08/2010,447.92
20/08/2010,454.84
19/08/2010,452.23
18/08/2010,455.49
17/08/2010,463.52
16/08/2010,464.76
13/08/2010,452.73
12/8/2010,448.40
11/8/2010,463.12
10/8/2010,461.67
9/8/2010,472.74
6/8/2010,482.82
5/8/2010,486.21
4/8/2010,486.71
3/8/2010,491.90
2/8/2010,491.61
30/07/2010,493.91
29/07/2010,491.11
28/07/2010,491.00
27/07/2010,497.67
26/07/2010,498.10
23/07/2010,500.31
22/07/2010,500.28
21/07/2010,505.40
20/07/2010,506.56
19/07/2010,506.84
16/07/2010,506.21
15/07/2010,505.19
14/07/2010,507.34
13/07/2010,509.08
12/7/2010,499.93
9/7/2010,499.46
8/7/2010,498.55
7/7/2010,496.91
6/7/2010,500.82
5/7/2010,506.54
2/7/2010,503.65
1/7/2010,504.02
30/06/2010,507.14
29/06/2010,510.71
28/06/2010,507.28
25/06/2010,505.12
24/06/2010,511.67
23/06/2010,512.82
22/06/2010,512.63
21/06/2010,514.75
18/06/2010,511.18
17/06/2010,510.76
16/06/2010,510.72
15/06/2010,508.01
14/06/2010,508.32
11/6/2010,504.29
10/6/2010,500.51
9/6/2010,497.56
8/6/2010,497.19
7/6/2010,496.89
4/6/2010,510.37
3/6/2010,511.16
2/6/2010,510.74
1/6/2010,508.68
31/05/2010,507.44
28/05/2010,512.99
27/05/2010,497.16
26/05/2010,492.69
25/05/2010,486.25
24/05/2010,486.19
21/05/2010,483.69
20/05/2010,503.55
19/05/2010,494.90
18/05/2010,508.30
17/05/2010,511.27
14/05/2010,520.72
13/05/2010,518.93
12/5/2010,519.60
11/5/2010,534.36
10/5/2010,534.38
7/5/2010,542.03
6/5/2010,549.51
5/5/2010,548.01
4/5/2010,549.12
29/04/2010,542.37
28/04/2010,539.20
27/04/2010,535.72
26/04/2010,531.21
22/04/2010,529.31
21/04/2010,519.70
20/04/2010,515.20
19/04/2010,516.74
16/04/2010,522.03
15/04/2010,521.49
14/04/2010,516.21
13/04/2010,517.98
12/4/2010,519.93
9/4/2010,517.42
8/4/2010,515.93
7/4/2010,515.82
6/4/2010,515.33
5/4/2010,514.79
2/4/2010,510.48
1/4/2010,508.18
31/03/2010,499.24
30/03/2010,500.72
29/03/2010,505.67
26/03/2010,505.30
25/03/2010,503.39
24/03/2010,512.12
23/03/2010,506.53
22/03/2010,511.58
19/03/2010,515.99
18/03/2010,519.73
17/03/2010,510.85
16/03/2010,516.08
15/03/2010,531.86
12/3/2010,531.51
11/3/2010,524.64
10/3/2010,525.67
9/3/2010,527.27
8/3/2010,521.12
5/3/2010,513.39
4/3/2010,511.91
3/3/2010,507.32
2/3/2010,501.00
1/3/2010,503.01
26/02/2010,496.91
25/02/2010,494.99
24/02/2010,494.59
23/02/2010,496.29
22/02/2010,510.02
12/2/2010,507.00
11/2/2010,499.94
10/2/2010,490.91
9/2/2010,482.89
8/2/2010,491.20
5/2/2010,493.04
4/2/2010,503.83
3/2/2010,495.48
2/2/2010,487.93
1/2/2010,486.95
29/01/2010,481.96
28/01/2010,481.76
27/01/2010,486.41
26/01/2010,497.90
25/01/2010,480.91
22/01/2010,477.59
21/01/2010,478.42
20/01/2010,489.50
19/01/2010,495.51
18/01/2010,487.13
15/01/2010,505.42
14/01/2010,512.33
13/01/2010,508.61
12/1/2010,498.31
11/1/2010,515.06
8/1/2010,520.90
7/1/2010,533.34
6/1/2010,534.46
5/1/2010,532.53
4/1/2010,517.05
31/12/2009,494.77
30/12/2009,495.36
29/12/2009,484.45
28/12/2009,492.57
25/12/2009,495.08
24/12/2009,479.13
23/12/2009,470.75
22/12/2009,465.24
21/12/2009,460.99
18/12/2009,443.34
17/12/2009,434.87
16/12/2009,442.10
15/12/2009,459.44
14/12/2009,458.39
11/12/2009,444.16
10/12/2009,458.72
9/12/2009,470.63
8/12/2009,488.47
7/12/2009,498.61
4/12/2009,494.96
3/12/2009,494.80
2/12/2009,499.14
1/12/2009,514.92
30/11/2009,504.12
27/11/2009,490.62
26/11/2009,482.60
25/11/2009,503.41
24/11/2009,527.13
23/11/2009,537.29
20/11/2009,555.84
19/11/2009,560.05
18/11/2009,553.83
17/11/2009,547.08
16/11/2009,545.70
13/11/2009,548.21
12/11/2009,545.98
11/11/2009,537.59
10/11/2009,524.40
9/11/2009,534.09
6/11/2009,554.88
5/11/2009,555.54
4/11/2009,537.53
3/11/2009,539.65
2/11/2009,561.71
30/10/2009,587.12
29/10/2009,581.49
28/10/2009,599.86
27/10/2009,596.78
26/10/2009,609.34
23/10/2009,615.68
22/10/2009,624.10
21/10/2009,618.48
20/10/2009,616.58
19/10/2009,607.11
16/10/2009,609.54
15/10/2009,617.38
14/10/2009,605.65
13/10/2009,589.89
12/10/2009,594.30
9/10/2009,581.99
8/10/2009,571.84
7/10/2009,566.42
6/10/2009,552.03
5/10/2009,549.00
2/10/2009,549.73
1/10/2009,568.99
30/09/2009,580.90
29/09/2009,582.59
28/09/2009,582.02
25/09/2009,582.84
24/09/2009,574.78
23/09/2009,582.11
22/09/2009,582.85
21/09/2009,577.97
18/09/2009,571.01
17/09/2009,561.19
16/09/2009,556.98
15/09/2009,556.75
14/09/2009,556.59
11/9/2009,547.99
10/9/2009,540.19
9/9/2009,536.11
8/9/2009,537.81
7/9/2009,524.51
4/9/2009,528.49
3/9/2009,540.81
1/9/2009,547.69
31/08/2009,546.78
28/08/2009,536.53
27/08/2009,527.04
26/08/2009,525.95
25/08/2009,528.85
24/08/2009,528.20
21/08/2009,519.17
20/08/2009,513.90
19/08/2009,508.46
18/08/2009,499.69
17/08/2009,500.08
14/08/2009,506.99
13/08/2009,503.58
12/8/2009,497.16
11/8/2009,494.17
10/8/2009,491.20
7/8/2009,480.65
6/8/2009,481.44
5/8/2009,481.29
4/8/2009,476.59
3/8/2009,467.93
31/07/2009,466.76
30/07/2009,451.91
29/07/2009,458.04
28/07/2009,462.98
27/07/2009,469.71
24/07/2009,454.71
23/07/2009,434.20
22/07/2009,419.48
21/07/2009,416.43
20/07/2009,412.88
17/07/2009,428.67
16/07/2009,433.47
15/07/2009,427.05
14/07/2009,418.55
13/07/2009,426.67
10/7/2009,438.83
9/7/2009,446.40
8/7/2009,446.79
7/7/2009,447.63
6/7/2009,454.27
3/7/2009,435.44
2/7/2009,433.79
1/7/2009,430.00
30/06/2009,448.29
29/06/2009,460.42
26/06/2009,461.37
25/06/2009,453.76
24/06/2009,456.22
23/06/2009,438.55
22/06/2009,458.11
19/06/2009,475.22
18/06/2009,479.27
17/06/2009,472.47
16/06/2009,471.97
15/06/2009,493.52
12/6/2009,509.59
11/6/2009,511.27
10/6/2009,497.51
9/6/2009,512.46
8/6/2009,501.49
5/6/2009,478.72
4/6/2009,458.19
3/6/2009,444.79
2/6/2009,440.56
1/6/2009,426.43
29/05/2009,411.64
28/05/2009,415.45
27/05/2009,425.17
26/05/2009,425.03
25/05/2009,421.75
22/05/2009,404.58
21/05/2009,412.51
20/05/2009,410.38
19/05/2009,400.90
18/05/2009,390.85
15/05/2009,390.16
14/05/2009,376.75
13/05/2009,378.25
12/5/2009,381.97
11/5/2009,372.95
8/5/2009,366.22
7/5/2009,363.85
6/5/2009,350.14
5/5/2009,351.32
4/5/2009,336.64
29/04/2009,321.63
28/04/2009,315.71
27/04/2009,313.69